street,plz
Werderstraße,13587
Süderbrokweg,10407
Selgenauer Weg,12355
Gollanczstraße,13465
Zeltinger Platz,13465
Chamissostraße,13587
Bamihlstraße,13587
Rauchstraße,13587
Goltzstraße,13587
Streitstraße,13587
Kulbeweg,13587
Mertensstraße,13587
Niederneuendorfer Allee,13587
Wansdorfer Platz,13587
Amorbacher Weg,13587
Wegscheider Straße,13587
Wansdorfer Steig,13587
Reußstraße,13587
Michelstadter Weg,13587
Schwendyweg,13587
Cautiusstraße,13587
Mögeldorfer Weg,13587
Kornburger Weg,13587
Schnepfenreuther Weg,13587
Breubergweg,13587
Walldürner Weg,13587
Hakenfelder Straße,13587
Eschenweg,13587
Holunderweg,13587
Stadtbahnbogen,10557
Stadtbahnbogen,10555
Falkenseer Chaussee,13583
Germersheimer Weg,13583
Merziger Straße,13583
Zeppelinstraße,13583
Einsiedelring,13127
Unter den Birken,12555
Am Kladower Wäldchen,14089
Krampenburger Weg,12559
Spreekanal,10117
Max-Herrmann-Straße,12687
Erich-Kurz-Straße,10319
Charlotte-Salomon-Hain,10317
Rennbahnstraße,13086
Hauptstraße,13158
Johann-Jacob-Engel-Straße,13057
Am Gehrensee,13057
Kundtanger,13057
Am Dörferweg,13057
Spreekanal,10178
Glockenturmstraße,14053
Wutzkyallee,12353
Cecilienplatz,12619
An der Kappe,13583
Schwarzburger Straße,12687
Stadtbahnbogen,10178
Dolgenseestraße,10319
Mellenseestraße,10319
Bohnsacker Steig,13503
Fürstenauer Weg,13503
Zugdamer Steig,13503
Neufährer Steig,13503
Mottlaupfad,13503
Schönhauser Straße,13158
Weißenhöher Straße,12683
Grabensprung,12683
Teltowkanal,14109
Stachelbartweg,12683
Wettersternweg,12683
Haltoner Straße,12683
Lützowstraße,12307
Angersteinweg,12555
Eremitenstraße,13089
Hadubrandstraße,12683
Michel-Klinitz-Weg,12349
Pohligstraße,12107
Hirseländerweg,12559
Holzkircher Straße,13086
Zum Kiesgrund,12559
Juliushof,12051
Grünauer Straße,12557
Rohrlake,10318
Forstamt Köpenick Revierförsterei Wuhlheide,12439
Forstamt Köpenick Revierförsterei Grünau,12527
Forstamt Köpenick Revierförsterei Schmöckwitz,12527
Forstamt Köpenick Revierförsterei Rahnsdorf,12589
Forstamt Köpenick Revierförsterei Müggelheim,12559
Forstamt Köpenick Revierförsterei Teufelssee,12557
Forstamt Pankow Revierförsterei Buch,13125
Am Pankepark,10115
Fokkerstraße,12487
Arthur-Müller-Straße,12487
Straße 45,13125
Neuköllner Schifffahrtskanal,12057
Teltowkanal,14167
Teltowkanal,12357
Dämeritzsee,12589
Berlin-Spandauer Schifffahrtskanal,10117
Hohenzollernkanal,13629
Hohenzollernkanal,13353
Bahnhofstraße,13127
Wilhelm-Kabus-Straße,10829
Lichtweg,13507
Greifenweg,12623
Am Juliusturm,13599
Krantorweg,13503
Jollenseglerstraße,10245
Alt-Stralau,10245
Bitburger Straße,13051
Cottbusser Platz,12627
Wendenschloßstraße,12559
Nisbléstraße,13127
Hugo-Distler-Straße,12619
Kraetkestraße,12619
Wernerstraße,12619
Ohserring,12619
Finkelsteinstraße,12619
Heinrich-Grüber-Straße,12619
Miethepfad,12307
Fuchsbergeweg,12683
Hegemeisterweg,10318
Liepnitzstraße,10318
Zum Alten Windmühlenberg,12524
Parallelstraße,14129
Seesener Straße,10711
Alt-Biesdorf,12683
Sommerfieldring,14109
Arnouxstraße,13127
Helene-Weber-Straße,12355
Rudolf-Schwarz-Straße,10407
Tiburtiusstraße,12524
Friedrichsruher Platz,12169
Am Krusenick,12555
Theodor-Brugsch-Straße,13125
Wertheimweg,14089
Schönhauser Straße,13127
Friedrich-Junge-Straße,10245
Feldtmannstraße,13051
Darßer Bogen,13088
Tempelhofer Weg,10829
Berlewitzweg,12557
La Famille-Straße,13127
Vienweg,13127
Boizenburger Straße,12619
Heringsdorfer Straße,12619
Bansiner Straße,12619
Clara-Zetkin-Weg,12619
Böttnerstraße,13125
Mahonienweg,12437
Reformationsplatz,13597
Miersdorfer Straße,12527
Hauptstraße,10317
Goldaper Straße,12249
Jules-Verne-Straße,14089
Sonnenkieker,12619
Straße zum Müggelhort,12559
Straße 67,13125
Großmannstraße,12623
Nikolaus-Bares-Weg,12279
Heidelbeerweg,12526
Zur Großen Krampe,12559
Am Brodersengarten,12683
Spree,12555
Niederwallstraße,10117
Le Bonheur-Straße,13127
Finkeldeweg,12557
Saalower Straße,12307
Darsiner Weg,13503
Dorfstraße,12621
Am Gutshof,13059
Torgauer Straße,12627
Erich-Kästner-Straße,12619
Peter-Huchel-Straße,12619
Parchimer Straße,12619
Ernst-Bloch-Straße,12619
Lily-Braun-Straße,12619
Havemannstraße,12689
Flämingstraße,12689
Trusetaler Straße,12687
Liebensteiner Straße,12687
Rabensteiner Straße,12689
Grumsiner Straße,12679
Heidekampweg,12437
Hänselstraße,12437
Kurze Straße,13158
Spreekanal,10179
AEG-Siedlung Heimat,13469
Grabowstraße,12435
Sterndamm,12487
Bahrendorfer Straße,12555
Hohenkircher Allee,12555
Tharauer Allee,14055
Triftstraße,13127
Martha-Fontane-Straße,13127
Zeuschelstraße,13127
Rupertweg,13127
Kellenzeile,13437
Fetschowzeile,13437
Stillerzeile,12587
Spree,10179
Martin-Riesenburger-Straße,12627
Schönewalder Straße,12627
Spree,10178
Lichtenhainer Straße,12627
Anton-Saefkow-Platz,10369
Albert-Kuntz-Straße,12627
Adele-Sandrock-Straße,12627
Kastanienallee,12627
Zerbster Straße,12627
Zechliner Straße,13055
Neustrelitzer Straße,13055
Mark-Twain-Straße,12627
Riesaer Straße,12627
Breite Straße,13187
Spree,10117
Straße 155,13053
Ernst-Barlach-Straße,13059
Schweriner Ring,13059
Hansastraße,13051
Böhlener Straße,12627
Quedlinburger Straße,12627
Oschatzer Ring,12627
Wurzener Straße,12627
Naumburger Ring,12627
Weißenfelser Straße,12627
Heidenauer Straße,12627
Spree,10243
Köpenicker Straße,12683
Uckermarkstraße,12621
Carola-Neher-Straße,12619
Peter-Edel-Straße,12619
Neue Grottkauer Straße,12619
Ellistraße,13051
Sigrunstraße,13051
Astridstraße,13051
Florentinestraße,13051
Ricardastraße,13051
Helminestraße,13051
Kummerower Ring,12619
Ehm-Welk-Straße,12619
An der Margaretenhöhe,13051
Straße 89,13156
Luzinstraße,12619
Etkar-André-Straße,12619
Auerbacher Ring,12619
Oelsnitzer Straße,12627
Glauchauer Straße,12627
Klingenthaler Straße,12627
Feldberger Ring,12619
Zossener Straße,12629
Ludwigsfelder Straße,12629
Ledebourstraße,12623
Müllerstraße,12623
Klausdorfer Straße,12629
Stephan-Born-Straße,12629
Mittenwalder Straße,12629
Teupitzer Straße,12627
Spree,10245
Gohliser Straße,12627
Eilenburger Straße,12627
Louis-Lewin-Straße,12627
Hultschiner Damm,12623
Stollberger Straße,12627
Reißigerstraße,12621
Immortellenweg,12623
KGA Am Wuhlesee,12621
Kyritzer Straße,12629
Mieltschiner Straße,12621
Bodo-Uhse-Straße,12619
Cecilienstraße,12619
Gülzower Straße,12619
Spree,10317
Spree,12459
Markgrafenstraße,12623
Linderhofstraße,12623
Lemkestraße,12623
Menzelstraße,12623
Hönower Straße,12623
Melanchthonstraße,12623
Waplitzer Straße,12621
Wernerstraße,12621
Stendaler Straße,12627
Waldstraße,12621
Eschenstraße,12621
Hinter dem Kurpark,12587
Spanische Allee,14129
Guntherstraße,10365
Annenstraße,10179
Saatwinkler Damm,13627
Doberaner Straße,13051
Zingster Straße,13051
Suhler Straße,12629
Ribnitzer Straße,13051
Eisenacher Straße,12629
Maxie-Wander-Straße,12619
Grottkauer Straße,12621
Marie-Elisabeth-von-Humboldt-Straße,13057
Tangermünder Straße,12627
Lindwerder (Insel),14193
Spree,13599
Spree,13597
Kurt-Schumacher-Damm,13405
Spree,13629
Spree,13627
Verlängerte Mozartstraße,12555
Mozartstraße,12555
Lindenallee,12587
Bölschestraße,12587
Brunsbütteler Damm,13591
Müggelspree,12589
Müggelspree,12559
Straße A (HOKA III),13629
Storkower Straße,10369
Tegeler See,13507
Klettwitzer Straße,12681
Müggelspreeweg,12589
Neuköllner Schifffahrtskanal,12059
Neuköllner Schifffahrtskanal,12045
Steinhöfeler Weg,12589
An der Wuhle,12621
Eppenbrunner Weg,12559
Lutherstraße,12589
Brunolfweg,12524
Bohnsdorfer Kirchsteig,12526
Geinsheimer Weg,12559
Adele-Schreiber-Krieger-Straße,10117
Neuköllner Schifffahrtskanal,12055
Neuköllner Schifffahrtskanal,12359
Turmfalkenstraße,13505
Charlottenburger Verbindungskanal,10553
Oberhavel,13597
Bahrfeldtstraße,10245
Oberhavel,13599
Oberhavel,13585
Oberhavel,13587
Straße 231,12355
Kastanienallee,13158
August-Bebel-Straße,15569
Oberhavel,13505
Oberhavel,13503
Karower Chaussee,13125
An der Wuhlheide,12459
Maurice-Ravel-Straße,13158
Boleroweg,13158
César-Franck-Straße,13158
Barther Straße,13051
Prendener Straße,13059
Biesenbrower Straße,13057
Uslarer Straße,12621
Wartiner Straße,13057
Neubrandenburger Straße,13059
Dorfstraße,13059
Luckenwalder Straße,12629
Pankgrafenstraße,13187
Wolfshagener Straße,13187
Pestalozzistraße,13187
Rostocker Straße,13059
Woldegker Straße,13059
Gothaer Straße,12629
Oder-Spree-Kanal,12527
Warnemünder Straße,13059
Gosener Kanal,12559
Hagenower Ring,13059
Galenstraße,13597
Senftenberger Straße,12627
Cottbusser Straße,12627
Platz an der Eiche,10318
Olympischer Platz,14053
Kirschweg,12524
Borkumstraße,13189
Unterhavel,13595
Unterhavel,14193
Unterhavel,14055
Unterhavel,14089
Unterhavel,14129
Verlängerte Fährstraße,13503
Beyschlagstraße,13503
Dietzgenstraße,13156
Fürstenwalder Allee,12589
Unterhavel,14109
Niederstraße,13158
Rummelsburger See,10317
Rummelsburger See,10245
Seddinsee,12559
Am Rosensteg,13509
Am Brunnen,13509
Alt-Marzahn,12685
Auersbergstraße,12685
Am Freibad,13469
Seddinsee,12527
Straße 45,13129
Geraer Ring,12689
Fortunaallee,12683
Ruppiner Chaussee,13503
Markstraße,13409
Wittenberger Straße,12689
Märkische Allee,12689
Seenkette,14109
Asgardstraße,13089
Wittestraße,13509
Triftstraße,13437
Rue du Capitaine Jean Maridor,13405
Erholungspark Marzahn,12685
Helene-Weigel-Platz,12681
Rue Doret,13405
Trienter Straße,13187
Dolomitenstraße,13187
Rue Nungesser et Coli,13405
Hauptstraße,13127
Chamissostraße,13127
Finsterwalder Straße,13435
Seidelstraße,13405
Blankenfelder Straße,13127
Saupéweg,13127
Egidystraße,13509
Britzer Verbindungskanal,12057
Schönefelder Straße,12355
Otisstraße,13403
Otisstraße,13507
Tempelhofer Weg,12347
Walther-Huth-Straße,12487
Wolfgang-Harlan-Straße,12487
Melli-Beese-Straße,12487
Hanuschkestraße,12487
Wrightallee,12487
Britzer Verbindungskanal,12437
Berliner Allee,13088
Rue Joseph le Brix,13405
Segelfliegerdamm,12487
Havelkanal,13597
Havelkanal,13581
Krontaler Straße,13125
Nidecksteig,13591
Havelkanal,13595
Kupfergraben (Spreekanal),10178
Leipziger Straße,10117
Seydelstraße,10117
Groß-Berliner Damm,12487
Landfliegerstraße,12487
Kupfergraben (Spreekanal),10117
Landwehrkanal mit Flutgraben,10785
Am Steinbergpark,13437
Rudower Chaussee,12489
Landwehrkanal mit Flutgraben,10967
Müggelspree,12555
Johann-Hittorf-Straße,12489
Märkische Spitze,12681
Müggelspree,12587
Eigerstraße,13089
Brook-Taylor-Straße,12489
Am Studio,12489
Habsheimer Straße,12621
Reckeweg,13591
Kleine Jägerstraße,10117
Kurstraße,10117
Seegefelder Weg,13591
Wolfshorst,13591
Am Kiesteich,13591
Caroline-von-Humboldt-Weg,10117
Jägerstraße,10117
Stadtbahnbogen,10117
Stadtbahnbogen,10179
Alte Leipziger Straße,10117
Hans-Poelzig-Straße,13587
Hugo-Cassirer-Straße,13587
Dorfstraße,13057
Sigmund-Bergmann-Straße,13587
Ahrensfelder Chaussee,13057
Arnimstraße,13053
An der Havelspitze,13587
Germaniastraße,12099
David-Francke-Straße,13587
Marzahner Straße,13053
Ankogelweg,12107
Franz-Meyer-Straße,13587
Stellingdamm,12555
Beckerstraße,12157
Bundesallee,12161
Walther-Schreiber-Platz,12161
Märkische Allee,12681
Hansastraße,13088
Bismarckallee,14193
Hohmannstraße,14199
Gatterweg,13125
Hausvogteiplatz,10117
Romain-Rolland-Straße,13089
Niederauer Weg,13158
Auffacher Weg,13158
Ingwäonenweg,13125
Nordische Straße,13125
Straße 44,13125
Bergrutenpfad,13158
Palisadenstraße,10243
Allee der Kosmonauten,12685
Bärensteinstraße,12685
Geißenweide,12685
Friedenstraße,10249
Blumenthalstraße,12103
Premnitzer Straße,12681
Plauener Straße,13053
Wolfener Straße,12681
Leunaer Straße,12681
Falkenberger Chaussee,13059
Sachsendamm,10829
Egelpfuhlstraße,13581
Lindenberger Straße,13059
Waltersdorfer Chaussee,12355
Bundesstraße 2,13051
Le Pavillon-Straße,13127
Straße 5,13059
Straße 6,13059
Straße 2,13059
Straße 7,13059
Caroline-Michaelis-Straße,10115
Hausvaterweg,13057
Wartenberger Straße,13053
Straße 142,13053
Stiftsweg,13187
Reichartstraße,10829
Mörchinger Straße,14169
Stephanusring,13127
Gartenstraße,13127
Straße am Flugplatz,12487
Schaffhausener Straße,12099
Happestraße,12305
Schumpeterstraße,12309
Friedenfelser Straße,12279
Wehnertstraße,12277
Schmöckwitzer Damm,12527
Muttlerweg,12107
Große Krampe,12559
Großer Müggelsee,12587
Großer Müggelsee,12559
Großer Müggelsee,12557
Großer Müggelsee,12589
Zeuthener See,12527
Rankestraße,10789
Rathenauplatz,10711
Hubertusallee,14193
Carl-Scheele-Straße,12489
Hohefeldstraße,13467
Zehntwerderweg,13469
Ferdinand-Schultze-Straße,13055
Wernsdorfer Straße,12527
Zeltplatz Intercamping,12527
Wiesengrund,12587
Wuhlewiesen,12555
Landsberger Allee,13055
Buschallee,13088
Streckfußstraße,13125
Pankgrafenstraße,13125
Elsterwerdaer Platz,12683
Minsker Straße,12683
Straße 145,13127
KGA Gesundheitsquell,13088
Gäblerstraße,13086
Am Barnim,12623
Parlerstraße,12623
Cecilienstraße,12683
Garzauer Straße,12683
Freymüllerweg,12247
Eisenacher Straße,12685
Wuhletalstraße,12687
Mehrower Allee,12687
Märkische Allee,12687
Schleusinger Straße,12687
Ludwig-Renn-Straße,12687
Ludwig-Renn-Straße,12679
Sella-Hasse-Straße,12687
Jan-Petersen-Straße,12679
Raoul-Wallenberg-Straße,12679
Lea-Grundig-Straße,12679
Rudolf-Leonhard-Straße,12679
Lea-Grundig-Straße,12687
Schkopauer Ring,12681
Blumberger Damm,12679
Glambecker Ring,12679
Hohensaatener Straße,12679
Belziger Ring,12689
Borkheider Straße,12689
Kornmandelweg,12683
Hafersteig,12683
Hirseweg,12683
Maisweg,12683
Rapsweg,12683
Roßlauer Straße,12683
Oberfeldstraße,12683
Altentreptower Straße,12683
Gladauer Weg,12683
Rhinstraße,12681
Landsberger Allee,12681
Frank-Zappa-Straße,12681
Schillerstraße,13156
Heinrich-Böll-Straße,13156
Gehrenseestraße,13053
Kurfürstendamm,10711
Ringbahnstraße,10711
Mozartring,12355
Schönbergweg,12355
Töpchiner Weg,12349
Potsdamer Straße,10783
Straße nach Fichtenau,12589
Motzstraße,10777
Blumberger Damm,12687
Lichtenrader Damm,12305
Schöneicher Straße,12587
Leberstraße,10829
Tempelhofer Damm,12101
Ahrenshooper Straße,13051
Ahornstraße,10787
Fanny-Zobel-Straße,12435
Martin-Hoffmann-Straße,12435
Gärtnereiring,13593
Koppelweg,12347
Am Bergpfuhl,12347
Oberwallstraße,10117
Glienicker Straße,14109
Privatstraße 1,13053
Privatstraße 2,13053
Privatstraße 3,13053
Privatstraße 4,13053
Privatstraße 5,13053
Rackwitzer Straße,13053
Königswalder Straße,13053
Drossener Straße,13053
Feuerbachstraße,12163
Waxweiler Weg,13051
Kyllburger Weg,13051
Dierhagener Straße,13051
Borner Straße,13051
Falkenberger Chaussee,13051
Falkenberger Chaussee,13053
Rüdickenstraße,13053
Am Breiten Luch,13053
Rotkamp,13053
Beskidenstraße,14129
Matenzeile,13053
Röttkenring,13053
Pablo-Picasso-Straße,13057
Hohenschönhauser Straße,13057
Seehausener Straße,13057
Vincent-van-Gogh-Straße,13057
Warnitzer Straße,13057
Randowstraße,13057
Welsestraße,13057
Passower Straße,13057
Zeltplatz Jugendcamping,12559
Jagen 37,12527
Weg O,12559
Weg Q,12559
Weg P,12559
Weg R,12559
Weg T,12559
Weg U,12559
Weg S,12559
Wasserwerk Müggelheim,12559
Weg F,12559
Weg H,12559
Weg J,12559
Weg K,12559
Weg L,12559
Weg N,12559
Weg M,12559
Weg A,12559
Weg D,12559
Weg E,12559
Parkweg,12559
Regattahäuser am Müggelsee,12559
Clubhaus Müggelsee,12559
Waldburg-Betriebsferienheim,12587
KGA Grünau,12527
Weg B,12559
Sleipnerstraße,13089
Sleipnerplatz,13089
Mimestraße,13089
Hönower Wiesenweg,10318
Genslerstraße,13055
Joachimsthaler Straße,13055
Biesenthaler Straße,13055
Arendsweg,13055
Plauener Straße,13055
Schalkauer Straße,13055
Witzenhauser Straße,13053
Straße 158,13053
Küllstedter Straße,13055
Köhlerstraße,12205
Hofheimer Straße,13055
Schleizer Straße,13055
Bahnhofstraße,13055
Straße 156,13053
Große-Leege-Straße,13055
Gärtnerstraße,13055
Hugo-Junkers-Straße,12487
Konrad-Wolf-Straße,13055
Nentershäuser Platz,14163
Beuckestraße,14163
Schöneicher Straße,13055
Degnerstraße,13053
Oberseestraße,13053
Lindenweg,13053
Käthestraße,13053
Scharnweberstraße,13053
Waldowstraße,13053
Manetstraße,13053
Chamierstraße,13053
Hedwigstraße,13053
Suermondtstraße,13053
Leuenberger Straße,13055
Heckelberger Ring,13055
Am Faulen See,13053
Hohengraper Weg,13053
Tamseler Straße,13053
Gembitzer Straße,13053
Biesterfelder Straße,13053
Malchower Weg,13053
Papendickstraße,13053
Seefelder Straße,13053
Niehofer Straße,13053
Hauptstraße,13055
Schlawer Straße,14163
Albertinenstraße,14165
Wollenberger Straße,13053
Oswaldstraße,13053
Lukasstraße,13053
Christianstraße,13053
Edgarstraße,13053
Dietrichstraße,13053
Lotharstraße,13053
Anna-Ebermann-Straße,13053
Josef-Höhn-Straße,13053
Privatstraße 9,13053
Privatstraße 7,13053
Privatstraße 6,13053
Dorfstraße,13051
Wartenberger Weg,13051
Ruth-Stephan-Straße,13599
Therese-Giehse-Straße,13599
Elisabeth-Flickenschildt-Straße,13599
Elsa-Wagner-Straße,13599
Grützmacherweg,13599
Straße 1,13059
Goldbeckweg,13599
Fennpfuhlweg,13059
Genossenschaftsweg,13059
Telegrafenweg,13599
Margarete-Kühn-Straße,10587
Gutenbergstraße,10587
Grevesmühlener Straße,13059
Salzufer,10587
Charitéplatz,10117
Falkenberger Chaussee,13057
Egon-Erwin-Kisch-Straße,13059
Demminer Straße,13059
Kröpeliner Straße,13059
Klützer Straße,13059
Crivitzer Straße,13059
Hohenzollernstraße,14163
Sollstedter Straße,13055
Am Berl,13051
Wustrower Straße,13051
Zum Hechtgraben,13051
Reriker Straße,13051
Kühlungsborner Straße,13051
Nienhagener Straße,13051
Wiecker Straße,13051
Orankeweg,13053
Hansastraße,13053
Indira-Gandhi-Straße,13053
Orankestraße,13053
Friedhofstraße,13053
Elsastraße,13053
Bertastraße,13053
Gertrudstraße,13053
Gropiusstraße,13053
Roedernstraße,13053
Fritz-Lesch-Straße,13053
Altenhofer Straße,13055
Weißenseer Weg,13055
Berkenbrücker Steig,13055
Mittelstraße,13055
Sandinostraße,13055
Verdener Gasse,13055
Jochemplatz,12163
Freienwalder Straße,13055
Klarastraße,13053
Elfriedestraße,13053
Sabinensteig,13053
Annemariestraße,13053
Hertastraße,13053
Marie-Luise-Straße,13053
Augustastraße,13053
Orankestrand,13053
Weißenseer Weg,13053
Mohnweg,12524
Ruben-Wolf-Straße,12524
Schwarzkoppenstraße,12524
Agnes-Hacker-Straße,12524
Sieboldstraße,12524
Lehmusstraße,12524
Hellersdorfer Straße,13057
Müngersdorfer Straße,12524
Straße 9,13059
Straße 8,13059
Birkholzer Weg,13059
Straße 4,13059
Straße 3,13059
Ontarioseestraße,10319
Pulvermühlenweg,13599
Olga-Tschechowa-Straße,13599
Romy-Schneider-Straße,13599
Blankenburger Pflasterweg,13051
Malchower Chaussee,13051
Straße 133,13055
Straße 109,13055
Straße 134,13055
Lichtenauer Straße,13055
Lössauer Straße,13055
Liebenwalder Straße,13055
Heiligenstadter Straße,13055
Simon-Bolivar-Straße,13055
Goeckestraße,13055
Werneuchener Straße,13055
Wriezener Straße,13055
Strausberger Straße,13055
Küstriner Straße,13055
Reichenberger Straße,13055
Kätheplatz,13053
Gottfriedstraße,13053
Christophstraße,13053
Paul-Koenig-Straße,13053
Titastraße,13053
Privatstraße 10,13053
Privatstraße 8,13053
Privatstraße 12,13053
Uhlandstraße,13158
Straße 1,13089
Neuzeller Weg,13053
Zum Heckeshorn,14109
Darßer Straße,13051
Perler Straße,13051
Bennostraße,13053
Dingelstädter Straße,13053
Themarer Straße,13053
Allendorfer Weg,13053
Treffurter Straße,13053
Rhinstraße,13053
Worbiser Straße,13053
Worbiser Straße,13055
Ifflandstraße,12623
Zipser Weg,12623
Langenbeckstraße,12623
Summter Straße,12623
Grunowstraße,12623
Rahnsdorfer Straße,12623
Kaulsdorfer Straße,12621
Am Wuhlebogen,12621
Bismarcksfelder Straße,12621
Druschiner Straße,12621
Birkenstraße,12621
Sadowastraße,12623
Hirschpfad,12623
Erich-Baron-Weg,12623
Mirower Straße,12623
Thorwaldsenstraße,12623
Schwarzmeerstraße,10319
Straße 11,13059
Zingergraben,13156
Kopenhagener Straße,13158
Gerzlower Straße,13053
Meusebachstraße,13053
Döhrendahlstraße,13053
Norbertstraße,13053
Markfriedstraße,13053
Roderichplatz,13053
Detlevstraße,13053
Theobaldstraße,13053
Sonatenweg,13158
Florastraße,12623
Feldrain,12623
Albrecht-Dürer-Straße,12623
Marderweg,12623
An den Siedlergärten,12623
Wildrosengehölz,12623
Am Rosenhag,12623
Wollankstraße,13187
Tizianstraße,12623
Birkensteinweg,12623
Kötteritzweg,12623
Falkstätter Straße,12621
Lindenstraße,12621
Nordheimer Straße,12621
Am Birkenwerder,12621
Seebadstraße,12621
Scharnauer Straße,12621
Chemnitzer Straße,12621
Ulmenstraße,12621
Adolf-Menzel-Straße,12621
Gerdastraße,12621
Striegauer Straße,12621
Wernitzer Straße,12621
Büllinger Straße,12621
Lenbachstraße,12621
Honsfelder Straße,12621
Kohlisstraße,12623
Arndtstraße,12623
Heerstraße,12621
Norastraße,12621
Waldenburger Straße,12621
Strehlener Straße,12621
Rogauer Weg,12621
Elsenstraße,12623
Hornungweg,12623
Eisweg,12623
Heuetsteig,12623
Nebelsteig,12623
Roedernstraße,12623
Winklerstraße,12623
Weidenstraße,12623
Klopstockstraße,12623
Wielandstraße,12623
Bergedorfer Straße,12623
Herderstraße,12623
Lessingstraße,12623
Herweghstraße,12623
Mechthildstraße,12623
Wilhelm-Blos-Straße,12623
Pilgramer Straße,12623
Symeonstraße,12279
Kethelitzweg,12623
Margaretenstraße,12623
Goldregenstraße,12623
Am Niederfeld,12621
Kressenweg,12623
Lassaner Straße,12621
Rüsternallee,12623
Lehnitzstraße,12623
Bausdorfstraße,12621
Am Wiesenhang,12621
Hosemannstraße,12621
Wodanstraße,12623
Rembrandtstraße,12623
Sudermannstraße,12623
Nentwigstraße,12621
Robert-Koch-Straße,12621
Ernst-Haeckel-Straße,12621
Ridbacher Straße,12621
Am Lupinenfeld,12621
Am Lupinenfeld,12623
Kleeackerweg,12623
Am Baltenring,12621
Windbergweg,12621
Heinrich-Grüber-Straße,12621
Telemannweg,12621
Schönherrstraße,12621
Iselbergstraße,12621
Ludwigsluster Straße,12619
Krachtstraße,10245
Gadebuscher Straße,12619
Friedrich-Engels-Straße,13156
Am Iderfenngraben,13156
Günter-Litfin-Straße,13086
Kreuzstraße,13187
Gotlindestraße,10365
Gudrunstraße,10365
Tollensestraße,12619
Teterower Ring,12619
Hellersdorfer Straße,12619
Frankfurter Allee,10365
Alt-Mahlsdorf,12623
Friesacker Straße,12623
Landvogtstraße,12623
Bachstraße,12623
Straußstraße,12623
Pfalzgrafenweg,12623
Donizettistraße,12623
Lortzingstraße,12623
Händelstraße,12623
Lisztstraße,12623
Landsberger Straße,12623
Verdistraße,12623
Löwestraße,12623
Weberstraße,12623
Kaulbachstraße,12623
Rubensstraße,12623
Walter-Leistikow-Weg,12623
Salvador-Allende-Straße,12559
Michendorfer Straße,12629
Alte Hellersdorfer Straße,12629
Forstamt Grunewald Revierförsterei Wannsee,14109
Forstamt Tegel Revierförsterei Spandau,13587
Zossener Straße,12627
Forstamt Köpenick Revierförsterei Wuhlheide,12459
Lutherplatz,13585
Weidenweg,10249
Schönburger Straße,12627
Pascalstraße,10587
Clara-von-Simson-Straße,10587
Schkeuditzer Straße,12627
Rudower Straße,12351
Forster Straße,12627
Jänschwalder Straße,12627
Moritzstraße,13597
Sebnitzer Straße,12627
Rathener Straße,12627
Gustav-Krone-Straße,14167
Branitzer Straße,12627
Carl-Schurz-Straße,13597
Furkastraße,12107
Hohenschönhauser Straße,10369
John-Heartfield-Straße,12619
Münsterberger Weg,12621
Löwenbrucher Weg,12307
Alt-Kaulsdorf,12621
Am Feldberg,12621
Adolfstraße,12621
Wilhelmsmühlenweg,12621
Hornsteiner Weg,12621
Gielsdorfer Straße,12623
Wilhelmsmühlenweg,12623
Neuenhagener Straße,12623
Thorner Straße,12623
Waldowstraße,12623
Theodorstraße,12623
Treskowstraße,12623
An der Schule,12623
Gülzower Straße,12621
Gutenbergstraße,12621
Rügenwalder Weg,12621
Hertwigswalder Steig,12621
Hellersdorfer Straße,12621
Bauerwitzer Weg,12621
Schmidtstraße,12621
Doßstraße,12621
Ingolstädter Straße,12621
Briesener Weg,12623
Taxusweg,12623
Hermelinweg,12623
Wacholderheide,12623
Am Schlehdorn,12623
Lübecker Straße,12623
Greifswalder Straße,12623
Hamburger Straße,12623
Bremer Straße,12623
Dahlwitzer Straße,12623
Stettiner Straße,12623
Hobeckweg,12623
Götzkeweg,12623
Griebenweg,12623
Zochestraße,12623
Pyramidenring,12681
Schwarzheider Straße,12627
Forstamt Tegel Revierförsterei Gatow,13599
Annaburger Straße,12627
Forstamt Grunewald Revierförsterei Eichkamp,14193
Forstamt Grunewald Revierförsterei Dachsberg,14129
Forstamt Grunewald Revierförsterei Nikolassee,14193
Kniprodestraße,10407
Liselotte-Herrmann-Straße,10407
Spremberger Straße,12627
Nordring,12681
Schwalbacher Straße,12161
Hoyerswerdaer Straße,12627
Laubacher Straße,14197
Fercher Straße,12629
Alt-Hellersdorf,12629
Neuruppiner Straße,12629
Havelländer Ring,12629
Achillesstraße,13125
Zum Erlengrund,13587
Johannes-Bobrowski-Straße,12627
Zu den Fichtewiesen,13587
Brauereihof,13585
Frieda-Arnheim-Promenade,13585
Eiswerderstraße,13585
Sybelstraße,10629
Mathilde-Jacob-Platz,10551
Waitzstraße,10629
Giesebrechtstraße,10629
Ancillonweg,13127
Münchehagenstraße,13125
Cevennenstraße,13127
Lewishamstraße,10629
Darbystraße,13589
Sportforumstraße,14053
Georg-Wilhelm-Straße,10711
Am Güterbahnhof Halensee,10711
Siverstorpstraße,13125
Hohenzollernplatz,10717
Nachodstraße,10779
Verlängerte Werderstraße,12524
Badensche Straße,10715
Forstamt Grunewald Revierförsterei Saubucht,14129
Porzer Straße,12524
Brabanter Platz,10713
Blissestraße,10713
Salzbrunner Straße,14193
Forstamt Tegel Revierförsterei Hermsdorf,13465
Warnemünder Straße,14199
Potsdamer Straße,10785
Grüne Aue,12683
Alte Potsdamer Straße,10785
KGA Grüne Aue,12459
Lilli-Henoch-Straße,10405
Marlene-Dietrich-Platz,10785
Eichhornstraße,10785
Linkstraße,10785
Podbielskiallee,14195
Koenigsallee,14193
Forstamt Tegel Revierförsterei Hermsdorf,13467
Baggerseestraße,12683
Adelheid-Poninska-Straße,13591
Wiesenweg,13591
Käthe-Heinemann-Weg,13591
Erna-Sack-Straße,13591
Forstamt Grunewald Revierförsterei Saubucht,14193
Forstamt Tegel Revierförsterei Gatow,14089
Kreppfuhlweg,12621
Schleipfuhlweg,12621
Randweg,12621
Feierabendweg,12621
Tschudistraße,12621
Berliner Straße,13507
Am Borsigturm,13507
Lion-Feuchtwanger-Straße,12619
Am Baltenring,12619
Am Teufelsbruch,13587
Aalemannufer,13587
An der Vogelweide,13158
Dudweilerstraße,12683
Strawinskystraße,13158
Schönholzer Weg,13158
Joachim-Ringelnatz-Straße,12683
Hans-Fallada-Straße,12683
Wuhleweg,12683
Möwenweg,12683
Hellersdorfer Straße,12627
Schillingweg,13127
Anna-Bruseberg-Straße,13127
Nossener Straße,12627
Schneeberger Straße,12627
Adorfer Straße,12627
Krienickesteig,13585
Schneeberger Straße,12619
Georg-Knorr-Straße,12681
Paula-Hirschfeld-Steig,13585
Neuendorfer Straße,13585
Rudower Straße,12524
Dorothea-Viehmann-Straße,12524
Am Alten Friedhof,12524
Wegedornstraße,12524
Rosa-Reinglass-Steig,13585
Rapunzelstraße,12524
Jungfernsteg,12524
Philipp-Jacob-Rauch-Straße,12559
Strömannstraße,13125
Bohrerzeile,13125
Rahnestraße,12621
Giesestraße,12621
Landréstraße,12621
Hirtschulzstraße,12621
Hannsdorfer Straße,12621
Kranoldstraße,12621
Hamannweg,12621
Zanderstraße,12621
Bredereckstraße,12621
Stöwestraße,12621
Iselbergplatz,12621
Güstrower Straße,12621
Kraetkestraße,12621
Sudermannstraße,12621
Rudolf-Virchow-Straße,12621
Ridbacher Straße,12623
Burggrafenstraße,12623
Slabystraße,12621
Tolstoistraße,12621
Tolkmittstraße,12621
Kainzstraße,12621
Ludwig-Turek-Straße,12621
Karlshafener Straße,12623
Uslarer Straße,12623
Straße 122,12621
Strindbergstraße,12621
Ferdinandstraße,12621
Planitzstraße,12621
Myslowitzer Straße,12621
Leopoldstraße,12621
Mädewalder Weg,12621
Auguststraße,12621
Karlstraße,12621
Georgstraße,12621
Brodauer Straße,12621
Ringstraße,12621
Wallstraße,12621
Finsterberger Straße,12621
Bonhoefferufer,10589
Lohengrinstraße,12623
Lehnestraße,12621
Giesestraße,12623
Ginsterweg,12623
Altonaer Straße,12623
Stralsunder Straße,12623
Kolberger Straße,12623
Daffingerweg,12623
Schongauerstraße,12623
Terwestenstraße,12623
Graffplatz,12623
Finkenwalder Weg,12621
Am Kornfeld,12621
Stepenitzer Weg,12621
Hamsterstraße,12621
Pölitzer Straße,12621
Tollerstraße,13158
Goerdelerdamm,13627
Franzburger Straße,12621
Lübzer Straße,12623
Lenbachstraße,12623
Kieler Straße,12623
Frans-Hals-Straße,12623
Pfarrhufenweg,12623
Seestraße,13353
Schubertstraße,12623
Hummelstraße,12623
Pestalozzistraße,12623
Mozartstraße,12623
Kuhnaustraße,12623
Fritz-Reuter-Straße,12623
Beethovenstraße,12623
Hörselbergstraße,12623
Fauststraße,12623
Siegfriedstraße,12623
Simrockplatz,12623
Gerhart-Hauptmann-Straße,12623
Uhlandstraße,12623
Attinghausenweg,12623
Wildenbruchstraße,12623
Seestraße,12623
Am Kornfeld,12623
Münsterberger Weg,12623
Frettchenweg,12623
Dirschauer Straße,12623
Wieselstraße,12623
Blumberger Straße,12623
Lavendelweg,12623
Phloxstraße,12623
Blausternweg,12623
Butterblumensteig,12623
Wickenweg,12623
Korianderweg,12623
Georginenweg,12623
Balsaminenweg,12623
Karlsruher Straße,12623
Bruchsaler Straße,12623
Mannheimer Straße,12623
Eichenhofweg,12623
Rastatter Straße,12623
Durlacher Straße,12623
Freiburger Straße,12623
Badener Straße,12623
Weitzgründer Straße,12623
Pariser Straße,12623
Grenzstraße,12623
Friedenstraße,12623
Werbellinstraße,12623
Parkstraße,12623
Roseggerstraße,12623
Wolfsberger Straße,12623
Hochwieser Straße,12623
Banater Straße,12623
Karlstraße,12623
Iglauer Straße,12623
Straße 48,12623
Röbeler Weg,12623
Pfingstweg,12623
Osterpfad,12623
Maipfad,12623
Brachetweg,12623
Bötzowstraße,10407
Rosa-Valetti-Straße,12623
Bütower Straße,12623
Schrobsdorffstraße,12623
Paul-Wegener-Straße,12623
Bausdorfstraße,12623
Levensauer Straße,12623
Pilsener Straße,12623
Ahornallee,12623
Jahnstraße,12623
Voltastraße,12623
Neudammer Straße,12623
Lutherstraße,12623
Heckerdamm,13627
Spitzwegstraße,12623
Kiekemaler Straße,12623
Willestraße,12623
Kastanienallee,12623
Vierradener Weg,12623
Ravensteinstraße,12623
Donathstraße,12623
Ruhlsdorfer Straße,12623
Akazienallee,12623
Heidestraße,12623
Ebereschenallee,12623
Ullrichstraße,12623
Rotdornallee,12623
Elsenborner Weg,12621
Hirsinger Straße,12621
Lammersdorfer Weg,12621
Holbeinstraße,12621
Anton-von-Werner-Straße,12621
Mosbacher Straße,12621
Auf der Höh,12621
Penkuner Weg,12621
Königshütter Weg,12621
Reetzer Weg,12621
Windthorststraße,12621
Achardstraße,12621
Lassallestraße,12621
Steffenshagener Straße,12621
Graubündener Straße,12621
Waldesruher Straße,12623
Kumberger Weg,12623
Golzower Straße,12623
Drakestraße,12623
Begasstraße,12623
Schlüterstraße,12623
Eberleinstraße,12623
Rauchstraße,12623
Buchenstraße,12623
Jägerstraße,12621
Eichenstraße,12623
Bergedorfer Straße,12621
Eichhornstraße,12621
Fichtenstraße,12621
Tieflandstraße,12621
Finkenstraße,12621
Karlsburger Weg,12621
Am Moosbruch,12621
Oybinweg,12621
Eschelberger Weg,12621
Jenaer Straße,12627
Hermsdorfer Straße,12627
Schönerlinder Straße,13127
Görlitzer Straße,10997
Rübezahl,12559
Sportpromenade,12527
Richtershorn,12527
Marienlust,12559
Forsthaus Müggelheim,12559
Weg G,12559
Weg C,12559
Neue Wiesen,12557
Wolkensteinstraße,13129
Frankenstraße,13129
Frankensteinstraße,13129
Flaischlenstraße,13129
Prenzlauer Promenade,13189
Wandlitzstraße,10318
Mühltaler Straße,12555
Feuersteiner Straße,12621
Deutschhofer Allee,12621
Semmelweisstraße,12524
Damerauer Allee,12621
Drausnitzer Straße,12621
Münsterwalder Straße,12621
Ahornstraße,12621
Elsenstraße,12621
KGA Erpetal,12587
KGA Am Freibad,12459
KGA Oberspree,12459
KGA Wilhelmstrand,12459
Kirschenbaumstraße,12524
Kunibertstraße,12524
Anne-Frank-Straße,12524
Hassoweg,12524
Kablower Weg,12526
Majakowskiring,13156
Wolfmarsteig,12524
Nippeser Straße,12524
Weidenweg,12524
Rodenkirchener Straße,12524
Coloniaallee,12524
KGA Glienicker Straße,12557
Kalker Straße,12524
Ehrenfelder Straße,12524
Ehrenfelder Platz,12524
KGA Naturfreunde Köpenick,12527
Chorweilerstraße,12524
Paradiesstraße,12526
KGA Wiesengrund,12587
Ortolfstraße,12524
Pasewalker Straße,13127
Blankenburger Weg,13127
Königsteinstraße,13129
Rudelsburgstraße,13129
Burgwallstraße,13129
Rüdigerstraße,13129
Marshallstraße,14169
Straße 7,13129
Falkenberger Straße,13088
Ewaldstraße,12524
Rebenweg,12524
Tom-Sawyer-Weg,14169
KGA Wasserweg,12437
Seddinpromenade,12527
Parsteiner Ring,12679
Brodowiner Ring,12679
Dahlwitzer Landstraße,12587
Wuhletal,12683
Straße 659,12559
Alter Fischerweg,12589
Sägebockweg,13125
Müggelseedamm,12587
Lobitzweg,12557
Mayschweg,12557
Hofzeichendamm,13125
Drei-Linien-Weg,13125
Saarower Weg,12589
Grünheider Weg,12589
KGA Spreewiesen,12559
Forkenzeile,13125
Straße 41,12559
Mahlower Straße,12557
Heidekrautweg,12683
Am Hohen Feld,13125
BLW Unterbezirk Köpenick Gruppe 3,12587
Alt-Müggelheim,12559
KGA Am Kurpark,12587
Wasserwerk Wuhlheide,12459
Müggelheimer Damm,12559
Alsenzer Weg,12559
Johann-Jacob-Baeyer-Straße,12559
KGA Rheinstein Verl. Wiesengrundstraße,10318
Hentzeweg,13125
Liebenstraße,13125
Zur Nachtheide,12557
KGA Gartenfreunde Wuhlheide,12459
Straße 1,10318
Hohentwielsteig,14163
Siedlungsstraße,13125
Marienfelder Allee,12279
Ahrensdorfer Straße,12279
Luckeweg,12279
Hildburghauser Straße,12279
Blenheimstraße,12685
Roelckestraße,13088
Schöntaler Weg,12437
Boenkestraße,13125
Lossebergplatz,13125
Zum Kappgraben,13125
Swantewitstraße,13125
Bedeweg,13125
Bucher Chaussee,13125
Friedrich-Engels-Straße,13158
Müggellandstraße,12559
Edwin-Redslob-Straße,14195
Poelchaustraße,12681
Langhoffstraße,12681
Murtzaner Ring,12681
Paul-Schwenk-Straße,12685
Martha-Arendsee-Straße,12681
Bruno-Baum-Straße,12685
Fichtelbergstraße,12685
Lindenstraße,12555
Pekrunstraße,12685
Althansweg,12685
Blumenbachweg,12685
Pöhlbergstraße,12685
Elisabethstraße,12683
Scharnhorststraße,10115
Charlottenstraße,12683
Allee der Kosmonauten,12683
Irmfriedstraße,12683
Diethelmweg,12683
Burghardweg,12683
Wuhlestraße,12683
Buckower Ring,12683
Viereckweg,13125
Marzahner Chaussee,12681
Luise-Zietz-Straße,12681
Gerstenweg,12683
Luise-Zietz-Straße,12683
Maratstraße,12683
Prignitzstraße,12683
Otto-Nagel-Straße,12683
Eckermannstraße,12683
Niemegker Straße,12689
Philosophenweg,10365
Schönagelstraße,12685
Stangeweg,12679
Grohsteig,12679
Oppermannstraße,12679
Landsberger Allee,12679
Karl-Holtz-Straße,12687
Sitzendorfer Straße,12687
Bornitzstraße,10365
Golliner Straße,12689
Gravensteinstraße,13127
Debenzer Straße,12683
Lauchhammerstraße,12683
Pirolstraße,12683
Schackelsterstraße,12683
Schulgasse,12683
Balzerweg,12683
Balzerstraße,12683
Gleiwitzer Straße,12683
Schwabenallee,12683
Dohlengrund,12683
Schillerfalterstraße,12683
Dramburger Straße,12683
Cosmarweg,13591
Heesestraße,12683
Arnfriedweg,12683
Arnfriedstraße,12683
Alberichstraße,12683
Langer Weg,12683
Hauptweg,12683
Geraldstraße,12683
Geraldweg,12683
Hadubrandweg,12683
Pfarrer-Theile-Straße,13591
Richard-Münch-Straße,13591
Wörlitzer Straße,12689
Rosenbecker Straße,12689
Eichhorster Straße,12689
Schorfheidestraße,12689
Hohenwalder Straße,12689
Kölpiner Straße,12689
Ahrensfelder Chaussee,12689
Hellersdorfer Weg,12689
Dessauer Straße,12689
Bitterfelder Straße,12681
Otto-Rosenberg-Straße,12681
Stolzenhagener Straße,12679
Märkische Allee,12679
Alfred-Döblin-Straße,12679
Paul-Dessau-Straße,12679
Blumeslake,12589
Straße 545,12589
KGA Mühlenwiese-Finkenheerd,12589
Eupener Straße,13125
Kalkbergeweg,12589
Herzfelder Steig,12589
Berghofer Weg,12589
KGA Siedlung am Walde,12589
Triglawstraße,12589
Wodanstraße,12589
Wiesenburger Weg,12681
Allee der Kosmonauten,12681
Am Schmeding,12685
Kiebitzgrund,12685
Sterckmannweg,12685
Scheibenbergstraße,12685
Steinstraße,12307
Rebhuhnweg,12685
Salanderweg,12685
Adersleber Weg,12685
Franz-Stenzer-Straße,12679
Am Tempelgraben,13158
Marzahner Promenade,12679
Hornbacher Weg,12559
Rudolfstraße,10245
Berghauser Straße,12559
Appelbacher Weg,12559
Ludwigshöheweg,12559
Beilsteiner Straße,12681
Reiler Straße,12681
Valwiger Straße,12681
Ruwersteig,12681
Merler Weg,12681
Thurandtweg,12681
Eltzbachweg,12681
Klüsserather Weg,12681
Loefer Weg,12681
Wiener Straße,10999
Marchwitzastraße,12681
Weizenweg,12683
Garbenpfad,12683
Ährenweg,12683
Spatenweg,12683
Warener Straße,12683
Walsheimer Straße,12683
Dillinger Weg,12683
Wulkower Straße,12683
Lindenstraße,12683
Brachfelder Straße,12683
Rundweg,12683
Vorstadtweg,12683
Schlochauer Straße,12683
Lötschbergstraße,12683
Kladower Damm,14089
Marco-Polo-Straße,14089
Alt-Friedrichsfelde,12683
Christoph-Kolumbus-Straße,14089
Ferdinand-Magellan-Straße,14089
James-Cook-Straße,14089
Glasbläserallee,10245
Hagelberger Straße,10965
Husumer Straße,12683
Garziner Platz,12683
Straubinger Straße,12683
Dornacher Straße,12683
Alfelder Straße,12683
Kreuzschnabelstraße,12683
Paulinenauer Straße,12683
Wiltbergstraße,13125
Scharnweberstraße,12587
Josef-Nawrocki-Straße,12587
Pfingstrosenweg,12683
Biesdorfer Friedhofsweg,12683
Weddingstraße,13357
Kösliner Straße,13357
Im Winkel,14195
Königin-Luise-Straße,14195
Lattichweg,12689
Schwarzwurzelstraße,12689
Radieschenpfad,12689
Farmergasse,12689
Pflanzergasse,12689
Bernburger Straße,12689
Merseburger Straße,12689
Köthener Straße,12689
Spinatweg,12689
Akeleiweg,12487
Klandorfer Straße,12689
Murtener Straße,12205
Zimmermannstraße,12683
Elsenallee,12683
Eichenallee,12683
Birkenallee,12683
Am Binsengrund,12683
Habichtshorst,12683
Pollnower Weg,12683
Dankratstraße,12683
Dankratweg,12683
Klara-Schabbel-Straße,12683
Am Waldberg,12683
Arnsberger Straße,12683
Stader Straße,12683
Lissaer Straße,12683
Rägeliner Straße,12683
Beruner Straße,12683
Zauchwitzer Straße,12683
Am Weidenbruch,12683
Waldbacher Weg,12683
Braunsdorfstraße,12683
Schulstraße,12683
Hinter der Post,12683
Beethovenstraße,12683
Parkweg,12683
Nordpromenade,12683
Wildrosenweg,12683
Blumberger Damm,12683
Frankenholzer Weg,12683
Brebacher Weg,12683
Püttlinger Straße,12683
Biesdorfer Weg,12683
Bismarcksfelder Straße,12683
Bischofstaler Straße,12683
Blütenauer Straße,12683
Nitzwalder Straße,12683
Brachliner Straße,12683
Buchenhainer Straße,12683
Breitenfelder Straße,12683
Guntramstraße,12683
Erwinstraße,12683
Anselmstraße,12683
Irmastraße,12683
Tiergartenstraße,12683
Dubickstraße,12683
Bahnweg,12683
Balzerplatz,12683
Hiltrudstraße,12683
Rotraudstraße,12683
Annenstraße,12683
Ketschendorfer Weg,12683
Hannaweg,12683
Ingeweg,12683
Fridolinweg,12683
Siegmarstraße,12683
Mettlacher Straße,12683
Christelweg,12683
Alwineweg,12683
Völklinger Straße,12683
Parchwitzer Straße,12526
Schrodaer Straße,12683
Brandorfer Weg,12683
Wilhelmsbrücker Straße,12683
Bruchgrabenweg,12683
Ernstroder Weg,12683
Budsiner Straße,12683
Mozartstraße,12683
Haydnstraße,12683
Öseler Straße,12683
Roggensteig,12683
Buschiner Straße,12683
Eitelstraße,12683
Boschpoler Straße,12683
Am Flutgraben,12435
Parkerweg,12685
Harbertssteg,12685
Hornetweg,12685
Amanlisweg,12685
Vierlandenstraße,12685
Gravensteiner Steg,12685
Boskoopweg,12685
Manksweg,12685
Neufahrwasserweg,12685
Atlantisring,12526
Kienbergstraße,12685
Heliosstraße,12685
Blumberger Damm,12685
Kulmseestraße,12683
Bentschener Weg,12683
Sensenpfad,12683
Lappiner Straße,12683
Eugen-Roth-Weg,12683
Rauhkopfweg,12683
Straße 37,12559
Lengeder Straße,13407
Greizer Straße,12689
Markscheiderstraße,13407
Hans-Schumacher-Straße,13127
Ringenwalder Straße,12679
Zur Alten Börse,12681
Lütztalweg,12681
Hatzenporter Weg,12681
Kürenzer Straße,12681
Kröver Straße,12681
Gülser Weg,12681
Winninger Weg,12681
Frank-Schweitzer-Straße,12681
May-Ayim-Ufer,10997
Dompfaffenweg,12685
Schwalbenflug,12685
Hänflingsteig,12685
Hagebuttenhecke,12685
Siedlungsring,13125
Nerthusweg,13125
Erekweg,13125
Haduweg,13125
Krähenfußzeile,13125
Lindenstraße,12527
Berliner Straße,13189
Schönhauser Allee,10439
Feldtmannstraße,13088
Franklinstraße,10587
Jeanette-Wolff-Straße,12355
Martin-Luther-King-Weg,12351
Rosenthaler Weg,13127
Cunistraße,13127
Straße 103,13127
Gutshofstraße,13465
Aubertstraße,13127
Favierweg,13127
Straße 124,13127
Straße 123,13127
Zerndorfer Weg,13465
Am Bootshaus,13587
Waldburgweg,12555
Skalitzer Straße,10997
Heidekrugstraße,12555
Zum Forsthaus,12683
Oppelner Straße,10997
Rudower Straße,12557
Wiesenstraße,10318
Jonathanweg,12685
Provinzstraße,13409
Alt-Lübars,13469
Im Hufenschlag,13403
Azaleenstraße,12559
Bockmühlenweg,12557
Lanker Straße,13125
Amselstraße,13125
Schönerlinder Weg,13125
Busonistraße,13125
Heimfriedstraße,13125
Wotanstraße,13125
Hubertusdamm,13125
Möserstraße,13125
Am Danewend,13125
Straße 94,13125
Leobschützer Straße,13125
Sandbergstraße,13125
Rübländerstraße,13125
Stadtgärten,13127
Neustädter Straße,13125
Lönsstraße,13125
Bahnhofstraße,13125
Kerkowstraße,13125
Florastraße,13125
Spinolastraße,13125
Blanchardstraße,13125
Röländer Straße,13125
Achtrutenberg,13125
Straße 339,13591
Lienzer Pfad,12107
Im Lesachtal,12107
Tauernallee,12107
Bültenring,12683
Matestraße,13125
Halbe-Hufen-Weg,13125
Frundsbergstraße,13125
Alt-Karow,13125
Straße 74,13125
Straße 73,13125
Straße 62,13125
An der Laake,13125
Ebenrotsteig,13125
Otto-Dibelius-Straße,10587
Straße 36,13125
Straße 38,13125
Straße 39,13125
Straße 50,13125
Straße 47,13125
Straße 52,13125
Straße 49,13125
Blankenburger Chaussee,13125
Straße 46,13125
Straße 48,13125
Straße 51,13125
Straße 43,13125
Straße 42,13125
Straße 69,13125
Straße 58,13125
Straße 64,13125
Straße 70,13125
Straße 63,13125
Straße 71,13125
Grundackerweg,13125
Hagenstraße,13125
Rhönstraße,13129
Ilsenburgstraße,13129
Schwarzwaldstraße,13129
Mühlenstraße,13129
Suderoder Straße,13129
Georgenstraße,13129
Kirchstraße,13129
Gernroder Straße,13129
Alt-Blankenburg,13129
Karower Damm,13129
Straße 26,13129
Straße 56,13129
Dorfstraße,13597
Okertalstraße,13129
Straße 27,13129
Thaler Straße,13129
Gartenstraße,13129
Lautentaler Straße,13129
Harzburger Straße,13129
Treseburger Straße,13129
Jungbornstraße,13129
Kastanienallee,13129
Urbacher Straße,13129
Ahornallee,13129
Sulzer Straße,13129
Ditfurter Straße,13129
Straße 87,13129
Straße 86,13125
Straße 100,13125
Straße 101,13125
Kernerstraße,13125
Schräger Weg,13125
Kreuzburger Straße,13125
Tarnowitzer Straße,13125
Straße 41,13125
Straße 34,13125
Steinauer Straße,13125
Beuthener Straße,13125
Bunzlauer Straße,13125
Kattowitzer Straße,13125
Rybniker Straße,13125
Am Kiebitzpfuhl,13125
Tichauer Straße,13125
Nahestraße,13125
Siegstraße,13125
Nettestraße,13125
Straße 10,13125
Straße 40,13125
Semiramisstraße,13089
Tino-Schwierzina-Straße,13089
Straße 46,13089
Straße 56,13089
Am Steinberg,13086
Am Wasserturm,13089
Indrastraße,13089
Zampastraße,13089
Figarostraße,13089
Prenzlauer Promenade,13089
Am Krögel,10179
Treskowstraße,13089
Stechowstraße,13156
Straße 34,12559
Wendenschloßstraße,12557
Biedenkopfer Straße,13507
Sterkrader Straße,13507
Am Flugplatz Gatow,14089
Hämmerlingstraße,12555
Suzetteweg,13127
Alt-Moabit,10557
Elisabeth-Abegg-Straße,10557
Am Generalshof,12555
Friedrichshagener Straße,12555
Würmseestraße,12527
Tegernseestraße,12527
Laurenzstraße,12555
Kirchstraße,12555
Rosenstraße,12555
Alt-Köpenick,12555
Pasteurstraße,10407
KGA Langes Höhe,10369
Lindenberger Weg,13129
Straße 66,13125
Gewanneweg,13125
Parkstraße,13129
Mittelstraße,13129
Ziegelstraße,13129
Hartmutstraße,13129
Triftstraße,13129
Fasoltstraße,13089
Hödurstraße,13089
Hildestraße,13089
Frostraße,13089
Neukirchstraße,13089
Idunastraße,13089
Donarstraße,13089
Lokistraße,13089
Erdastraße,13089
Blankenburger Straße,13089
Straße 30,13089
Malchower Straße,13089
Frithjofstraße,13089
Sigurdstraße,13089
Straße 5,13089
Straße 42,13089
Wildstrubelpfad,13089
Alpnacher Weg,13089
Sarner Weg,13089
Kandertaler Weg,13089
Morschacher Weg,13089
Axenstraße,13089
Schächentaler Weg,13089
Grimselweg,13089
Wischbergeweg,13089
Schreckhornweg,13089
Schneehornpfad,13089
Schloßplatz,10178
Volmerstraße,12489
Straße 18,13089
Heimdallstraße,13089
Tiniusstraße,13089
Rothenbachstraße,13089
Othellostraße,13089
Aidastraße,13089
Bertricher Weg,13088
Liebermannstraße,13088
An den Feldtmanngärten,13088
Piesporter Straße,13088
Wiesenstraße,13357
Bitburger Straße,13088
Perler Straße,13088
Forstamt Köpenick Revierförsterei Friedrichshagen,12621
Zeestower Weg,13591
KGA Blockdamm,10318
KGA Biesenhorst II,10318
Nornenweg,13088
Osasteig,13088
Wanensteig,13088
Tronjepfad,13088
Ortnitstraße,13088
Lindwurmweg,13088
Ostaraweg,13088
Niflheimweg,13088
Ullerplatz,13088
Am Graben,13088
Ullerweg,13088
Lichtelfensteg,13088
Runenzeile,13088
Muspelsteig,13088
Schwarzelfenweg,13088
Am Heimenstein,13088
Nachtalbenweg,13088
Jötunsteig,13088
Knospengrund,12524
Helgiweg,13088
Haakonweg,13088
Gnomenplatz,13088
Rolandufer,10179
BLW Unterbezirk Karlshorst Gruppe Seegelände,10318
Hamburger Straße,13591
Birkheidering,12527
Jastrower Weg,12587
Grünfließer Gang,12587
Hirschgartenstraße,12555
Anemonenstraße,12559
Gladiolenstraße,12559
Emser Straße,10719
Emser Platz,10719
Straße 2,13089
Perchtastraße,13089
Fafnerstraße,13089
Midgardstraße,13089
Straße 3,13089
Straße 4,13089
Ingeborgstraße,13089
Straße 31,13089
Mahlerstraße,13088
Puccinistraße,13088
Herbert-Baum-Straße,13088
Forstamt Pankow Revierförsterei Blankenfelde,13127
Forstamt Köpenick Revierförsterei Friedrichshagen,12683
An der Industriebahn,13088
Bernkasteler Straße,13088
Wittlicher Straße,13088
Brodenbacher Weg,13088
Wehlener Straße,13088
Graacher Straße,13088
Neue Jüdenstraße,10179
Gehringstraße,13088
Forstamt Köpenick Revierförsterei Wuhlheide,12683
Nüßlerstraße,13088
Pasedagplatz,13088
Parkstraße,13086
Trarbacher Straße,13088
Neumagener Straße,13088
Trierer Straße,13088
Caseler Straße,13088
Gartenstraße,13088
Wegenerstraße,13088
Indira-Gandhi-Straße,13088
Else-Jahn-Straße,13088
Sulzfelder Straße,13088
Giersstraße,13088
Straße 250,13088
Polcher Weg,13088
Kelberger Weg,13088
Mayener Weg,13088
Roelckestraße,13086
Charlottenburger Straße,13086
Behaimstraße,13086
Langhansstraße,13086
Streustraße,13086
Lehderstraße,13086
Börnestraße,13086
Max-Steinke-Straße,13086
Tassostraße,13086
Pistoriusplatz,13086
Pistoriusstraße,13086
Amalienstraße,13086
Albertinenstraße,13086
Schmohlstraße,13086
Pankstraße,13357
Rossinistraße,13088
Bizetstraße,13088
Gürtelstraße,13088
Meyerbeerstraße,13088
Borodinstraße,13088
Smetanastraße,13088
Lindenallee,13088
Gounodstraße,13088
Benfelder Straße,13088
Mutziger Straße,13088
Solonplatz,13088
Chopinstraße,13088
Woelckpromenade,13086
Große Seestraße,13086
Goethestraße,13086
Friesickestraße,13086
Gustav-Adolf-Straße,13086
Bühringstraße,13086
Wigandstaler Straße,13086
Preunelstraße,13086
Thiesstraße,13086
Privatstraße 13,13086
Privatstraße 14,13086
Obersteiner Weg,13086
Straße 210,13086
Straße 206,13086
Straße 245,13086
Straße 246,13086
Soonwaldstraße,13086
Hunsrückstraße,13086
Schönstraße,13086
Lemgoer Straße,13086
Bundenbacher Weg,13086
Blechenstraße,13086
Paul-Oestreich-Straße,13086
Hedwigstraße,13086
Goyastraße,13086
Scharnweberstraße,13086
Eilveser Straße,13086
Ettersburger Weg,13086
Neue Jakobstraße,10179
Stralauer Straße,10179
Soldiner Straße,13359
Blankenburger Straße,13156
Gensinger Straße,10315
Am Sandberg,10318
Am Graben,10318
Wißlerstraße,12587
Darßer Straße,13088
Malchower Chaussee,13088
Forstamt Pankow Revierförsterei Blankenfelde,13125
Klosterstraße,10179
Heinersdorfer Straße,13086
Prenzlauer Promenade,13086
Hamburger Platz,13086
Antonplatz,13086
Seidenberger Straße,13086
Jacobsohnstraße,13086
Brauhausstraße,13086
Frieda-Seidlitz-Straße,13086
Zepernicker Straße,13125
Sudauer Straße,13125
Alt-Buch,13125
Am Stener Berg,13125
Straße 4,13125
Schwanebecker Chaussee,13125
Karower Straße,13125
Walter-Friedrich-Straße,13125
Groscurthstraße,13125
Franz-Schmidt-Straße,13125
Lindenberger Weg,13125
Georg-Benjamin-Straße,13125
Arnold-Zweig-Straße,13189
Robert-Rössle-Straße,13125
Wolfgang-Heinz-Straße,13125
Bruno-Apitz-Straße,13125
Tubaweg,13127
Elsa-Brändström-Straße,13189
Selma-Lagerlöf-Straße,13189
Friedrich-Richter-Straße,13125
Röbellweg,13125
Hörstenweg,13125
Mewesstraße,13125
Bielckenweg,13125
Uhlenweg,13125
Malmedyer Straße,13125
Pölnitzweg,13125
Hobrechtsfelder Chaussee,13125
Am Sandhaus,13125
Schmetstorpweg,13125
Grollstraße,13125
Dranweg,13125
Brunswickenweg,13125
Heinrich-Heine-Straße,10179
Schachtelhalmweg,12524
Köpenicker Straße,10179
Körnerstraße,13156
Käte-Frankenthal-Weg,12355
Elisabeth-Selbert-Straße,12355
Lieselotte-Berger-Straße,12355
Friederike-Nadig-Straße,12355
Wackenbergstraße,13127
Wackenbergstraße,13156
Okarinastraße,13127
Straße 182,13127
Buchholzer Straße,13156
Grumbkowstraße,13156
Akkordeonweg,13127
Straße 199,13127
Zimbelstraße,13127
Fagottstraße,13127
Harfenweg,13127
Zitherstraße,13127
Schmaler Weg,12587
Marienstraße,13127
Dietzgenstraße,13158
Hiltrud-Dudek-Weg,12355
Straße 73,13127
Potsdamer Platz,10785
Straße 30,13127
Chantiéweg,13127
Kalvinistenweg,13127
Elfriede-Kuhr-Straße,12355
Dr.-Markus-Straße,13127
Elfenallee,13127
Eddastraße,13127
Pankstraße,13127
Straße 59,13127
Straße 55,13127
Ludwig-Quidde-Straße,13127
Paradiesapfelweg,13127
Klarapfelweg,13127
Straße 74,13127
Straße 72,13127
Straße 166,13127
Parkstraße,13127
Straße 167,13127
Straße 164,13127
Straße 76a,13127
Straße 77,13127
Straße 76,13127
Straße 89,13127
Straße 77a,13127
Prinzenapfelweg,13127
Jenny-Lind-Straße,13189
Bucher Straße,13127
Baltrumstraße,13127
Neumannstraße,13189
Elly-Heuss-Knapp-Straße,12355
Nadrauer Straße,13125
Schalauer Straße,13125
Wilhelm-Kuhr-Straße,13359
Hirschberger Straße,10317
Schreiberhauer Straße,10317
Marktstraße,10317
Asta-Nielsen-Straße,13189
Röntgentaler Weg,13125
Straße 7,13125
Straße 6,13125
Straße 5,13125
Sonnenblumensteig,13159
Kürbissteig,13159
Forkensteig,13159
Sichelsteig,13159
Forstamt Pankow Revierförsterei Blankenfelde,13159
Birnbaumring,13159
Kartoffelsteig,13159
Gurkensteig,13159
Schildower Straße,13159
Lübarser Weg,13159
Bahnhofstraße,13159
Hauptstraße,13159
Greta-Garbo-Straße,13189
Mönchmühler Straße,13158
Mönchmühler Straße,13159
Blankenfelder Chaussee,13159
Ursulinenstraße,12355
Beuthstraße,13156
Herthaplatz,13156
Fritz-Reuter-Straße,13156
Straße 199,13156
Posaunenweg,13127
Siegfriedstraße,13156
Waldemarstraße,13156
Waldowstraße,13156
Charlottenstraße,13156
Idastraße,13156
Klothildestraße,13156
Straße 103,13156
Marthastraße,13156
Straße 41,13156
Straße 39,13156
Blankenburger Straße,13127
Straße 18,13156
Güllweg,13156
Waldstraße,13156
Kuckhoffstraße,13156
Treskowstraße,13156
Platanenstraße,13156
Fritz-Erpenbeck-Ring,13156
Eichenstraße,13156
Uhlandstraße,13156
Straße 97,13156
Hermann-Hesse-Straße,13156
Forstamt Köpenick Revierförsterei Wuhlheide,12555
Altenberger Weg,13156
Schreckenbachstraße,13156
Büchnerweg,13156
Ehrenfelsstraße,10318
Rialtoring,12589
Lieselotte-Berger-Platz,12355
Mahlsdorfer Straße,12555
Kleinschewskystraße,12555
Franz-Mehring-Platz,10243
Straße der Pariser Kommune,10243
Helene-Wessel-Straße,12355
Weg B,13159
Frank-L.-Howley-Weg,14167
Schillingweg,13159
Buchholzer Straße,13159
Kapellenweg,13159
Weg A,13159
Berliner Straße,13159
Trelleborger Straße,13189
Möllersfelder Weg,13159
Kirchstraße,13158
Am Postfenn,14055
Taufsteinweg,13158
Eschenallee,13158
Abajstraße,13158
Nordendstraße,13156
Akazienallee,13158
Birkenallee,13158
Ahornallee,13158
Mittelstraße,13158
Döbrabergweg,13158
Erbeskopfweg,13158
Dammsmühler Straße,13158
Straße 113,13158
Weißdornallee,13158
Blumenthalstraße,13156
Straße 87,13158
Zollbrücker Straße,13156
Dehmelstraße,13156
Forstamt Köpenick Revierförsterei Friedrichshagen,12587
Wilhelm-Wolff-Straße,13156
Pastor-Niemöller-Platz,13156
Grabbeallee,13156
Tschaikowskistraße,13156
Boris-Pasternak-Weg,13156
Skladanowskystraße,13156
Lutherstraße,13156
Pfarrer-Lenzel-Straße,13156
Louis-Schmidt-Straße,13156
Straße 126,13158
Straße 141,13158
Straße 142,13158
Nesselweg,13158
Straße 140,13158
Straße 60,13158
Straße 151,13158
Straße 152,13158
An der Priesterkoppel,13158
Eigene Scholle,13158
Rispenweg,13158
Forstamt Köpenick Revierförsterei Müggelsee,12587
Pfarrer-Jungklaus-Straße,13189
Warnowstraße,12524
Usedomstraße,12524
Peenestraße,12524
Schönefelder Chaussee,12524
Forstamt Köpenick Revierförsterei Friedrichshagen,12555
Knollstraße,12355
Gehsener Straße,12555
Hoernlestraße,12555
Am Rollberg,13158
Straße 132,13158
Garibaldistraße,13158
Hertzstraße,13158
Edelweißstraße,13158
Heegermühler Weg,13158
Marthastraße,13158
Straße 33,13158
Straße 78,13158
Straße 79,13158
Friedensteg,13158
Genossenschaftssteg,13158
Kreuzsteg,13158
Mittelsteg,13158
Am Donnerberg,14089
Am Landschaftspark Gatow,14089
Feldsteg,13158
Neuer Steg,13158
Seekorso,14089
Straße vor Schönholz,13158
Klemkestraße,13158
Waldsteg,13158
Vereinssteg,13158
Germanenstraße,13156
Heegermühler Weg,13156
Wodanstraße,13156
Eisenblätterstraße,13156
Sachsenstraße,13156
Walhallastraße,13156
Friesenstraße,13156
Woglindestraße,13156
Etzelstraße,13156
Angerweg,13158
Frickastraße,13156
Straße 90,13156
Hundingstraße,13156
Provinzstraße,13158
Frühlingstraße,13158
Am Bürgerpark,13156
Homeyerstraße,13156
Heinrich-Mann-Straße,13156
Heinrich-Mann-Platz,13156
Leonhard-Frank-Straße,13156
Cottastraße,13156
Pfeilstraße,13156
Beatrice-Zweig-Straße,13156
Kleine Homeyerstraße,13156
Paul-Francke-Straße,13156
Hellmuth-Hirth-Zeile,14089
Forstamt Köpenick Revierförsterei Teufelssee,12559
Wilhelm-Kuhr-Straße,13187
Wilhelmsruher Damm,13158
Straße 129,13158
Quickborner Straße,13158
Schillerstraße,13158
Mozartstraße,13158
Kabelitzweg,13158
Rhapsodieweg,13158
Saint-Exupéry-Straße,14089
Amelia-Earhart-Straße,14089
Dädaluspfad,14089
Ikaruspfad,14089
Charles-Lindbergh-Straße,14089
Amelie-Beese-Zeile,14089
Käthe-Paulus-Zeile,14089
August-Euler-Zeile,14089
Thea-Rasche-Zeile,14089
Schwarzschildstraße,12489
Lessingstraße,13158
Möllersfelder Straße,13158
Buchhorster Straße,13158
Seegerstraße,13158
Hielscherstraße,13158
Fontanestraße,13158
Beethovenstraße,13158
Anton-Webern-Weg,13158
Debussystraße,13158
Andanteweg,13158
Goethestraße,13158
Rautendeleinweg,12555
Dornröschenstraße,12555
Sterntalerstraße,12555
Schneewittchenstraße,12555
Genovevastraße,12555
Zu den sieben Raben,12555
Mittelheide,12555
Friedrich-Wöhler-Straße,12489
Uhlenhorster Straße,12555
Frau-Holle-Straße,12555
Däumlingsweg,12555
Schmausstraße,12555
Janitzkystraße,12555
Hirtestraße,12555
Wolfsgartenstraße,12555
Lindenhof,12555
Essenplatz,12555
Elseneck,12555
Gebrüder-Wright-Straße,14089
Am Bahndamm,12555
Alte Kaulsdorfer Straße,12555
Gartenstraße,12683
Marga-von-Etzdorf-Straße,14089
Egersfelder Allee,12555
Hoppendorfer Straße,12555
Druschiner Straße,12555
Glasberger Straße,12555
Kaulsdorfer Straße,12555
Markstädter Straße,12555
Bachwitzer Straße,12555
Altgrabauer Straße,12555
Argenauer Straße,12555
Zum Wuhleblick,12555
Görsdorfer Straße,12555
Ambacher Straße,12555
Wongrowitzer Steig,12555
Semliner Straße,12555
Birnbaumer Straße,12555
Dammheidestraße,12555
Eitelsdorfer Straße,12555
Filehner Straße,12555
Güldenauer Weg,12555
Pflanzgartenstraße,12555
Wirsitzer Weg,12555
Ritterfelddamm,14089
Rotkäppchenstraße,12555
Aschenbrödelstraße,12555
Pflanzgartenplatz,12555
Waldpromenade,12555
Erpetaler Weg,12623
Dusekestraße,13187
Florastraße,13187
Florapromenade,13187
Mühlenstraße,13187
Heynstraße,13187
Görschstraße,13187
Brehmestraße,13187
Gaillardstraße,13187
Rettigweg,13187
Pradelstraße,13187
Schulzestraße,13187
Hönower Weg,10319
Petersburger Straße,10247
Frankfurter Tor,10243
Rombiner Weg,12555
Bachstraße,12555
Straße im Walde,12555
Verlängerte Hämmerlingstraße,12555
Schubertstraße,12555
Klingenburger Straße,12555
Hibiskusweg,13089
Bischofstaler Straße,12555
Clematisweg,13089
Ossietzkystraße,13187
Parkstraße,13187
Schönholzer Straße,13187
Am Schloßpark,13187
Kavalierstraße,13187
Crusemarkstraße,13187
Eintrachtstraße,13187
Amalienpark,13187
Mendelstraße,13187
Klaustaler Straße,13187
Achtermannstraße,13187
Bleicheroder Straße,13187
Zellerfelder Straße,13187
Würtzstraße,13187
Prießnitzstraße,13187
Paracelsusstraße,13187
Galenusstraße,13187
Vesaliusstraße,13187
Hasseroder Straße,13187
Harzburger Straße,13187
Damerowstraße,13187
Harzgeroder Straße,13187
Hadlichstraße,13187
Schulstraße,13187
Berliner Straße,13187
Pichelswerderstraße,13187
Neue Schönholzer Straße,13187
Benjamin-Vogelsdorff-Straße,13187
Grunowstraße,13187
Wisbyer Straße,13189
Herthastraße,13189
Talstraße,13189
Spiekermannstraße,13189
Thulestraße,13189
Eschengraben,13189
Hardangerstraße,13189
Vinetastraße,13189
Margaretenaue,13127
Brunnenplatz,13357
Seestraße,13347
Schloßallee,13156
Rolandstraße,13156
Karower Straße,13156
Im Amtmannsgarten,12349
Deutzer Steig,12524
Klettenberger Straße,12524
Aachener Straße,10713
Schildhorn (Halbinsel),14193
Leonardo-da-Vinci-Straße,14089
Köberlesteig,13156
Elisabethweg,13187
Hans-Jürgen-Straße,13127
Pankower Straße,13127
Pankower Straße,13156
Elisabeth-Christinen-Straße,13156
Dechertstraße,13156
Lindenberger Straße,13156
Stille Straße,13156
Rudolf-Ditzen-Weg,13156
Binzstraße,13189
Laudaer Straße,13189
Kissingenplatz,13189
Forchheimer Straße,13189
Retzbacher Weg,13189
Kissingenstraße,13189
Zellinger Weg,13189
Obernburger Weg,13189
Max-Lingner-Straße,13189
Karlstadter Straße,13189
Ötztaler Straße,13187
Maximilianstraße,13187
Brixener Straße,13187
Zillertalstraße,13187
Tiroler Straße,13187
Brennerstraße,13187
Esplanade,13187
Toblacher Straße,13187
Samländische Straße,13189
Masurenstraße,13189
Hallandstraße,13189
Upsalaer Straße,13189
Wetterseestraße,13189
Lunder Straße,13189
Schonensche Straße,13189
Wisbyer Straße,10439
Schonensche Straße,10439
Trelleborger Straße,10439
Baumbachstraße,13189
Kurze Straße,13189
Max-Koska-Straße,13189
Robert-Koch-Platz,10115
Köpenicker Chaussee,10317
Saganer Straße,10317
Forstamt Köpenick Revierförsterei Fahlenberg,12559
In den Gärten,12349
Forstamt Köpenick Revierförsterei Müggelsee,12589
Straße 251,13088
Nonnendamm,13627
Germanenstraße,12524
Bruno-Taut-Straße,12524
Fürstenwalder Damm,12587
Am Steilhang,12559
Fürstenwalder Damm,12589
Melanchthonplatz,13595
Treskowallee,10318
Marksburgstraße,10318
Wallensteinstraße,10318
Lisztstraße,10318
Ilsestraße,10318
Brehmstraße,10318
Zeiler Weg,13189
Westerlandstraße,13189
Luckauer Straße,10969
Neue Promenade,10178
Pfarrer-Vogelsang-Weg,12349
Am Feuchten Winkel,13129
Granitzstraße,13189
Haßfurter Weg,13189
Dettelbacher Weg,13189
Gemündener Straße,13189
Miltenberger Weg,13189
Stubnitzstraße,13189
Hiddenseestraße,13189
Arkonastraße,13189
Lohmestraße,13189
Sellinstraße,13189
Lauterbachstraße,13189
Kottmeierstraße,12459
Rathenaustraße,12459
Plönzeile,12459
Marienstraße,12459
Firlstraße,12459
Wilhelminenhofstraße,12459
Mathildenstraße,12459
Taubenstraße,10117
Friedrichstraße,10117
Charlottenstraße,10117
Mohrenstraße,10117
Ostendstraße,12459
Wasserstraße,12459
Nixenstraße,12459
Weiskopffstraße,12459
Parkstraße,12459
Scharnweberstraße,12459
Steffelbauerstraße,12459
Waldowstraße,12459
Lausanner Straße,12205
Magnusstraße,12489
Straße zum FEZ,12459
Albert-Einstein-Straße,12489
Friedenstraße,12555
Am Bahnhof Wuhlheide,12459
Kekuléstraße,12489
Wuhlgartenweg,12683
Zur Fähre,12559
Max-Planck-Straße,12489
Gustav-Kirchhoff-Straße,12489
Goerzallee,12207
Mengerzeile,12435
Schmollerplatz,12435
Justus-von-Liebig-Straße,12489
Rutherfordstraße,12489
Richard-Willstätter-Straße,12489
Oboensteig,13127
Späthstraße,12437
Jafféstraße,14055
Wilhelm-Ostwald-Straße,12489
Bruno-Bürgel-Weg,12439
Walther-Nernst-Straße,12489
Bohnsdorfer Weg,12524
Ringstraße,12105
Jean-Calas-Weg,13127
Kleine Alexanderstraße,10178
Gosener Landstraße,12559
Straße 38,12559
Straße 36,12559
Hugenottenplatz,13127
Kottbusser Damm,10967
Am Bauersee,12559
Zu den Müggelheimer Wiesen,12559
An der Krummen Lake,12559
Duchrother Straße,12559
Siedlung Schönhorst (Spreestraße),12559
Chris-Gueffroy-Allee,12437
Wattstraße,12459
Fritz-Kirsch-Zeile,12459
Zeppelinstraße,12459
Siemensstraße,12459
Goethestraße,12459
Griechische Allee,12459
Kilianistraße,12459
Großstraße,12459
Rudolf-Mosse-Straße,14197
Sodener Straße,14197
Wiesbadener Straße,14197
Mecklenburgische Straße,14197
Treskowallee,12459
Helgolandstraße,14199
Dillenburger Straße,14199
Französische Straße,10117
Rummelsburger Landstraße,12459
Nalepastraße,12459
Tabbertstraße,12459
Mentelinstraße,12459
Otto-Krüger-Zeile,12459
Helmholtzstraße,12459
Fuststraße,12459
Rummelsburger Straße,12459
Edisonstraße,12459
Roedernstraße,12459
Deulstraße,12459
Fontanestraße,12459
Antoniuskirchstraße,12459
Triniusstraße,12459
Parsevalstraße,12459
Schillerpromenade,12459
Klarastraße,12459
Aßmannstraße,12587
Drachholzstraße,12587
Am Goldmannpark,12587
Hartlebenstraße,12587
Werlseestraße,12587
Kastanienallee,12587
Bruno-Wille-Straße,12587
Breestpromenade,12587
Klutstraße,12587
Julius-Hart-Straße,12587
Möllenseestraße,12587
Störitzseestraße,12587
Wupatzseestraße,12587
Löcknitzstraße,12587
Kalkseestraße,12587
Rahnsdorfer Straße,12587
Flakenseestraße,12587
Peetzseestraße,12587
Stienitzseestraße,12587
Karutzseeweg,12587
Dreiserstraße,12587
Karl-Pokern-Straße,12587
Karl-Frank-Straße,12587
Am Damm,12587
Brösener Straße,12587
Müllroser Straße,12587
Erlenbruchring,12355
Johanna-Tesch-Straße,12439
Straße 618,12355
Ehemaliger Flughafen Tempelhof,12101
Rhodeländerweg,12355
Pücklerstraße,14195
Aalstieg,12589
Richard-Hilliges-Weg,12589
Lachsfang,12589
Fußweg 552,12589
Straße 567,12589
Parrisiusstraße,12555
Gelnitzstraße,12555
Weinbergstraße,12555
Thürnagelstraße,12555
Elcknerplatz,12555
Neuer Weg,12587
Ahornweg,12587
Sternallee,12587
Weg zur Quelle,12587
Hoher Weg,12587
Hahns Mühle,12587
Spreestraße,12587
Ahornallee,12587
Peter-Hille-Straße,12587
Emrichstraße,12587
Buttenstedtweg,12587
Albert-Schweitzer-Straße,12587
Myliusgarten,12587
Löbauer Weg,12587
Mühlweg,12587
Liebstadter Gang,12587
Marienwerderweg,12587
Gilgenburger Straße,12587
Am Wiesenrain,12587
Kurzer Steig,12587
Gilgenburger Pfad,12587
Hirschgartenstraße,12587
Erpeweg,12587
Grünstraße,12555
Böttcherstraße,12555
Kietzer Straße,12555
Freiheit,12555
Lüdersstraße,12555
Jägerstraße,12555
Alter Markt,12555
Borgmannstraße,12555
Seelenbinderstraße,12555
Mandrellaplatz,12555
Puchanstraße,12555
Glarner Straße,12205
Ludwig-Boltzmann-Straße,12489
Futranplatz,12555
Katzengraben,12555
Landjägerstraße,12555
Amtsstraße,12555
Müggelheimer Straße,12555
Gartenstraße,12557
Spitzerstraße,12557
Karlstraße,12557
Luisenstraße,12557
Charlottenstraße,12557
Henrionweg,13127
Pionierstraße,13589
Birkenstraße,12559
Fliederstraße,12559
Schrebergasse,12559
Erlenstraße,12559
Am Spielplatz,12559
Heimgartenstraße,12559
Cedernstraße,12559
Dahlienstraße,12559
Kleingartenstraße,12559
Schmale Gasse,12559
Pohlestraße,12557
Dorotheenstraße,12557
Erwin-Bock-Straße,12559
Müggelschlößchenweg,12559
Alfred-Randt-Straße,12559
Newtonstraße,12489
Bellevuestraße,12555
Salvador-Allende-Straße,12555
Am Ostbahnhof,10243
Delfter Ufer,12359
Zur Güterbahn,12555
Kiekebuschstraße,12555
Bahnhofstraße,12555
Bromelienweg,13089
Langerhansstraße,12555
Kinzerallee,12555
Annenallee,12555
Cardinalstraße,12555
Cardinalplatz,12555
Oettingstraße,12555
Joachimstraße,12555
Elisabeth-Feller-Weg,12205
Forstamt Köpenick Revierförsterei Grünau,12524
Helene-von-Mülinen-Weg,12205
Am Maria-Jankowski-Park,12555
Klaushager Weg,13467
Forstamt Köpenick Revierförsterei Grünau,12526
Möllersfelde,13127
Harnischweg,12555
Eiselenweg,12555
Ernst-Grube-Straße,12555
Gloriastraße,12555
Daheimstraße,12555
Ahornallee,12555
Ottomar-Geschke-Straße,12555
Oberspreestraße,12555
Militscher Weg,12555
Oberspreestraße,12557
Westendstraße,12557
Glienicker Straße,12557
Marie-Vögtlin-Weg,12205
Mentzelstraße,12557
Schönerlinder Straße,12557
Adlershofer Straße,12557
Max-Born-Straße,12489
Färberstraße,12555
Mentzelstraße,12555
Flemmingstraße,12555
Gutenbergstraße,12557
Kietz,12557
Forstamt Köpenick Revierförsterei Wuhlheide,12437
Luzerner Straße,12205
Forstamt Köpenick Revierförsterei Wuhlheide,12489
Quickborner Straße,13469
Sophie-Taeuber-Arp-Weg,12205
Fasanerie,13469
Grüne Trift,12557
Mylauer Weg,12627
Königsweg,14163
Oudenarder Straße,13347
Charlotte-E.-Pauly-Straße,12587
Ecksteinweg,12487
Forstamt Köpenick Revierförsterei Wuhlheide,12487
Wiesenpromenade,12587
Irisring,13089
Schützenstraße,13127
Ringelsteinweg,14165
Güttlander Straße,12589
Eichbergstraße,12589
Grünelinder Straße,12589
Kirchstraße,12589
Schönblicker Straße,12589
Nickelswalder Straße,12589
Fahlenbergstraße,12589
Grenzbergeweg,12589
Lassallestraße,12589
Wiebelskircher Weg,12589
Frankenbergstraße,12589
Hochlandstraße,12589
Schettkatstraße,12589
Erknerstraße,12589
Forstamt Grunewald Revierförsterei Dreilinden,14109
Berliner Freiheit,10785
Kanalstraße,12589
Waldstraße,12589
Im Haselwinkel,12589
Lindenstraße,12589
Ahornstraße,12589
Dämeritzstraße,12589
Am Park,10785
Lennéstraße,10785
William-H.-Tunner-Straße,14167
Roedenbecksteig,14109
Finkenschlag,12527
Hasenlauf,12527
Zum Dahmeufer,12557
Osteweg,14167
Harry-S.-Truman-Allee,14167
Friedlander Straße,12489
Zum Schmetterlingshorst,12559
Seebad Wendenschloß,12557
Waldfriedhof Grünau,12527
Forstamt Grunewald Revierförsterei Dreilinden,14163
Forstamt Köpenick Revierförsterei Wuhlheide,12309
Forstamt Köpenick Revierförsterei Wuhlheide,12435
Baseler Straße,12205
Allee der Kosmonauten,10315
Herzbergstraße,10365
KGA Teltowkanal III,12489
Janusz-Korczak-Straße,12627
Kokoschkastraße,12627
Johanna-Spyri-Weg,12205
An der Wuhlheide,12555
Straße 546,12589
Am Stieggarten,12589
Mühlenweg,12589
Schleiengang,12589
Dorfstraße,12589
Plutoweg,12589
Schwanenweg,12589
Lerchenweg,12589
Elsterweg,12589
Rotkehlchenweg,12589
Grenzweg,12589
Drosselweg,12589
Finkenweg,12589
Lagunenweg,12589
Kuckuckssteig,12589
Mariannensteig,12589
Im Winkel,12589
Biberpelzstraße,12589
Baldurstraße,12589
Eichenstraße,12589
Birkenstraße,12589
Hubertusstraße,12589
Wolfgang-Steinitz-Straße,12589
Langfuhrer Allee,12589
Weichselmünder Weg,12589
Rhedaer Weg,12589
Püttbergeweg,12589
Mönchsheimer Straße,12589
Fichtenauer Straße,12589
Grätzwalder Straße,12589
Heidelandstraße,12589
Am Schonungsberg,12589
Fußweg 475,12589
Kolpiner Weg,12589
Zeesener Weg,12589
Seestraße,12589
Brückenstraße,12589
Wiesenstraße,12589
Müggelwerderweg,12589
Ortlerweg,12207
Hechtstraße,12589
Ukeleipfad,12589
An den Bänken,12589
Quappenzeile,12589
Forellensprung,12589
Bona-Peiser-Weg,10179
Fredersdorfer Weg,12589
Schonungsweg,12589
Paula-Thiede-Ufer,10179
Richard-Hörncke-Weg,12589
Inselstraße,14129
Paul-Rahn-Weg,12589
Am Küstergarten,12589
Straße 574,12589
Hohenberger Steig,12589
Woltersdorfer Weg,12589
Am Mühlenfließ,12589
Springeberger Weg,12589
Freienbrinker Saum,12589
Waldschützpfad,12589
Steinfurther Weg,12589
Buriger Weg,12589
Hohenbinder Steig,12589
Hortwinkeler Weg,12589
Bauernheideweg,12589
Blossiner Straße,12589
Dannenreicher Pfad,12589
Petershagener Weg,12589
Beiersdorfer Weg,12589
Grasehorstweg,12589
Vogelsdorfer Steig,12589
Hangelsberger Gang,12589
Kageler Weg,12589
Fangschleuser Weg,12589
Adlergestell,12527
Lyonel-Feininger-Straße,12627
Nelly-Sachs-Straße,12627
Gründerstraße,12526
Richterstraße,12526
Kohlweißlingstraße,12683
Eibseestraße,12527
Wassersportallee,12527
Regattastraße,12527
Baderseestraße,12527
Büxensteinallee,12527
Libboldallee,12527
Parksteig,12527
Peter-Weiss-Gasse,12627
Steinbindeweg,12527
Laubnitzer Pfad,12527
Linderoder Weg,12527
Ingelheimer Straße,10318
Rabindranath-Tagore-Straße,12527
Horst-Kunze-Weg,12527
Kanutenweg,12527
Möllhausenufer,12557
Ekhofplatz,12557
Ostendorfstraße,12557
Ekhofstraße,12557
Zum Langen See,12557
Slevogtweg,12557
Niebergallstraße,12557
Hugo-Wolf-Steig,12557
Peter-Gast-Weg,12557
Zitronenfalterweg,12683
Feldblumenweg,12557
Entenwall (Insel),12589
Neuhelgoland (Gaststätte),12559
Müggelseeperle,12559
Ludolfingerplatz,13465
Rallenweg,13505
Köpenzeile,12557
Clémentweg,13127
Mühlenstraße,13127
Straße zum Müggelturm,12559
Bachstelzenweg,12589
Bogenstraße,12589
Seidenbienenweg,12589
Lienhardweg,12557
Am Kietzer Feld,12557
Herbert-Lewin-Platz,10623
Dregerhoffstraße,12557
Bukesweg,12557
Grünbergallee,12526
Glienicker Straße,12526
Grünbergallee,12524
Strandbad Oberspree,12439
Funkelgang,12557
Sandschurrepfad,12557
Pritstabelstraße,12557
Alice-Salomon-Platz,12627
Minkwitzweg,12557
Landgartenweg,12557
Asseburgpfad,12557
Plehmpfad,12557
Barbenweg,12557
Flansweg,12557
Distelfalterstraße,12683
Grüne Trift am Walde,12557
Brassenpfad,12557
Kochelseestraße,12527
Ammerseestraße,12527
Walchenseestraße,12527
Lummenweg,12527
Tauchersteig,12527
Bohnsdorfer Straße,12527
Alkenweg,12527
Waldstraße,12527
Friedrich-Wolf-Straße,12527
Lahmertstraße,12527
Chiemseestraße,12527
Schlierseestraße,12527
An der Karlshorster Heide,10318
Siegfried-Berger-Straße,12557
Müggelheimer Damm,12557
Klepschweg,12557
Kürißweg,12557
Marienhütter Weg,12557
Segewaldweg,12557
Am Marienhain,12557
Müggelbergallee,12557
Dahmestraße,12527
Königsseestraße,12527
Rießerseestraße,12527
Riebekeweg,12557
Lossowweg,12557
Müggelbergplatz,12557
Logauweg,12557
Bendigstraße,12557
Falkendamm,12557
Hirtengarten,12557
Fährallee,12527
Argoallee,12527
Jackyallee,12527
Ebelallee,12527
Moßkopfring,12527
Zeuthener Weg,12527
Lübbenauer Weg,12527
Ragower Weg,12527
Radduscher Weg,12527
Karolinenhofweg,12527
Zinsgutstraße,12489
Vetschauer Allee,12527
Fliederweg,12527
Elstergrund,12527
Erlengrund,12527
Schneewittchenstraße,12524
Gartenstadtweg,12524
Bohnsdorfer Chaussee,12524
Plänterwald,12437
Avenue Jean Mermoz,13405
Scharnweberstraße,13405
Pestalozzistraße,12557
Elstersteg,12527
Am Kanal,12527
Grauammerpfad,12527
Drosselsteg,12527
Fuchsbau,12527
Waldvogelweg,12527
Schilfsängersteig,12527
Buschower Weg,13591
Jürgen-Schramm-Straße,14089
Rohrwallallee,12527
Krimnitzer Weg,12527
Zaucher Weg,12527
Sielower Weg,12527
Godbersenstraße,12527
Pretschener Weg,12527
Biebersdorfer Weg,12527
Peitzer Weg,12527
Striesower Weg,12527
Treppendorfer Weg,12527
Schappachstraße,12527
Zerkwitzer Weg,12527
Fehrower Steig,12527
Krugauer Steig,12527
Rehfeldtstraße,12527
Kurt-Weill-Gasse,12627
Lil-Dagover-Gasse,12627
Fritz-Lang-Straße,12627
Gosener Damm,12559
Erlenbacher Steig,12559
Rinntaler Steig,12559
Fritz-Lang-Platz,12627
Am Oder-Spree-Kanal,12527
Schwarzer Weg,12527
Schmöckwitzwerder Süd,12527
Am Müggelberg,12559
Grünstadter Weg,12559
Rue Diderot,13469
Enkenbacher Weg,12559
Sobernheimer Straße,12559
Kirsteinstraße,12559
Zur Bürgerheide,12559
Tongrubenweg,12559
Am Wildbusch,12559
Braunfelsstraße,12309
Bismarckplatz,14193
Kallbacher Straße,12559
Odernheimer Straße,12559
Steinbrechgang,12559
Zur Drachenwiese,12559
Johannaplatz,14193
Rainweg,12527
Olivaer Platz,10707
Späthstraße,12359
Nuscheweg,12527
Am Seddinsee,12527
Alter Radelander Weg,12527
Heckenweg,12527
Prager Platz,10779
Finkengasse,12527
Hirtenfließ,12527
Fichtengrund,12527
Grünauer Weg,12527
Krähenhorst,12527
Siedlers Eck,12527
Wendel-Hipler-Weg,12527
Wegelystraße,10623
Am Birkenrevier,10318
Viebahnstraße,12527
Eichwalder Aue,12527
Alt-Schmöckwitz,12527
Beutenweg,12527
Imkerweg,12527
Weiselpfad,12527
Zum Seeblick,12527
Windwallstraße,12527
Unterfeld,10318
Am Bauernwäldchen,12559
Becherbacher Straße,12559
Gersweilerstraße,12559
Birkweilerstraße,12559
Heisterbachstraße,12559
Meisenheimer Straße,12559
Darsteiner Weg,12559
Gersweileraue,12559
Abtweilerstraße,12559
Staudernheimer Straße,12559
Pelzlakeweg,12559
Seddiner Weg,12559
Mittelbrunner Steig,12559
Reichweilerweg,12559
Wiesbacher Weg,12559
Rodenbacher Gang,12559
Hallgarter Steig,12559
Münchweilersteig,12559
Horchheimer Weg,12559
Elmsteiner Weg,12559
Wolfsteiner Weg,12559
Pfalz-Zweibrücker Weg,12559
Gontardstraße,10178
Schwindstraße,12435
Karpfenteichstraße,12435
Erich-Lodemann-Straße,12437
Imhoffweg,12307
Schichauweg,12307
Rodestraße,12559
Glottertaler Straße,12559
Klafterzeile,12559
Wollgrasweg,12559
Raumbacher Straße,12559
Lettweilerstraße,12559
Hinter der Düne,12559
Rehborner Straße,12559
Zum Rehwinkel,12559
An der Himmelswiese,12559
Norheimer Straße,12559
Annweilerweg,12559
Siefersheimer Straße,12559
An den Fließtalhöfen,13467
Am Lehnshof,13467
Ligusterweg,12437
Bergiusstraße,12057
Storkower Straße,10409
Henny-Porten-Straße,12627
Am Buckersberg,12487
Karlsbergallee,14089
An der Ostbahn,10243
Garnisonkirchplatz,10178
Sonnenburger Straße,10437
Helsingforser Platz,10243
Ferdinand-Buisson-Straße,13127
Herrenhausstraße,12487
Mühlenstraße,10243
Elisabeth-Schiemann-Straße,13057
Rosenfelder Ring,10315
Alter Schönefelder Weg,12524
Lückstraße,10317
Elfriede-Tygör-Straße,10319
Meißner Weg,12355
Oberspreestraße,12439
Moosstraße,12439
Hartriegelstraße,12439
Senftenberger Ring,13435
Josef-Orlopp-Straße,10365
Siegfriedstraße,10365
Springbornstraße,12487
Galileistraße,12435
Quaritzer Straße,12526
Simon-Dach-Straße,10245
Revaler Straße,10245
Pillauer Straße,10243
Marchlewskistraße,10243
Türrschmidtstraße,10317
Tuchollaplatz,10317
Hasensprung,10318
Monbijouplatz,10178
Kleine Präsidentenstraße,10178
Waisenstraße,10179
Oberwasserstraße,10117
Atzpodienstraße,10365
Fanningerstraße,10365
Schottstraße,10365
Rüdigerstraße,10365
Hubertusstraße,10365
Wotanstraße,10365
Silberweidenweg,10365
August-Siebke-Straße,13127
Lindhorstweg,12487
Steinstraße,10119
Stadtbahnbogen,10623
Alt-Hermsdorf,13467
Am Rheinischen Viertel,10318
Am Bahnhof Spandau,13581
Klosterstraße,13581
Staakener Straße,13581
Britzer Straße,12439
Rummelsburger Straße,10315
Am Carlsgarten,10318
Bornepfad,13467
Alt-Pichelsdorf,13595
Strohblumenweg,12524
Sewanstraße,10319
Dahmestraße,12526
Am Treptower Park,12435
Köpenicker Landstraße,12435
Bergaustraße,12437
Rundlingsteig,13467
Biesenhorster Weg,10318
Köpenicker Landstraße,12437
Neue Krugallee,12437
Hagedornstraße,12487
Thomas-Mann-Straße,10409
Michelangelostraße,10409
Berliner Straße,13467
Andernacher Straße,10318
Waldowallee,10318
Hochwaldstraße,10318
Gasag,10318
Köpenicker Allee,10318
KGA Rheinstein Straße 2,10318
KGA Rheinstein Straße 3,10318
Rheinsteinstraße,10318
Zwieseler Straße,10318
Robert-Siewert-Straße,10318
Rheinpfalzallee,10318
Arberstraße,10318
Römerweg,10318
Neuwieder Straße,10318
Grafenauer Weg,10318
Bodenmaiser Weg,10318
Rhenser Weg,10318
Honnefer Straße,10318
Ursula-Goetze-Straße,10318
Kötztinger Straße,10318
Roßmäßlerstraße,10318
Pirolstraße,10318
Giselastraße,10317
Weitlingstraße,10317
Roedeliusplatz,10365
Alfredstraße,10365
Bürgerheimstraße,10365
Normannenstraße,10365
Magdalenenstraße,10365
Albert-Hößler-Straße,10365
Harnackstraße,10365
Buchberger Straße,10365
Coppistraße,10365
Leopoldstraße,10317
Archibaldweg,10317
Rupprechtstraße,10317
Münsterlandstraße,10317
Eduardstraße,10317
Maximilianstraße,10317
Eitelstraße,10317
Sophienstraße,10317
Wönnichstraße,10317
Margaretenstraße,10317
Ruschestraße,10365
Plonzstraße,10365
Glaschkestraße,10365
Dorotheastraße,10318
Junker-Jörg-Straße,10318
Dönhoffstraße,10318
Karl-Egon-Straße,10318
Sangeallee,10318
Friedrichsteiner Straße,10318
Riastraße,10318
Spatzensteig,10318
Am Weihenhorst,10318
Gleyeweg,10318
Drosselstieg,10318
Blaurackenweg,10318
Oskarstraße,10318
Fuchsbau,10318
Am Walde,10318
Rödelstraße,10318
Schenkestraße,10318
Güntherstraße,10318
Trautenauer Straße,10318
Hoher Wallgraben,10318
Sadowastraße,10318
Traberweg,10318
Lehndorffstraße,10318
Eginhardstraße,10318
Ehrlichstraße,10318
Üderseestraße,10318
Stühlinger Straße,10318
Heiligenberger Straße,10318
Wildensteiner Straße,10318